file,path,skip,status,vi,en,ko,zh,ja,th,fr,de
destinations.json,[0].name,,ok,Chùa Cầu (Cầu Nhật Bản),Japanese Covered Bridge,,,,,,
destinations.json,[0].address,1,ok,Cuối đường Nguyễn Thị Minh Khai,Cuối đường Nguyễn Thị Minh Khai,,,,,,
destinations.json,[0].hours,1,ok,7:00 - 22:00,7:00 - 22:00,,,,,,
destinations.json,[0].description,,ok,"Do các thương nhân Nhật Bản dựng vào khoảng đầu thế kỷ XVII để nối hai bờ khe nước chảy ra sông Thu Bồn, cầu vẫn giữ mái ngói âm dương và ngôi miếu nhỏ thờ Bắc Đế Trấn Võ ngay giữa lòng cầu. Người phố Hội gọi là Chùa Cầu; tên chữ Lai Viễn Kiều có nghĩa cầu đón khách từ phương xa tới.","Built by Japanese merchants in the early 17th century to cross the stream that runs into the Thu Bồn river, the bridge still carries its yin-yang tiled roof and the small shrine to Bắc Đế Trấn Võ set in the middle of its span. Locals call it Chùa Cầu, the pagoda bridge; its literary name, Lai Viễn Kiều, means the bridge that welcomes travellers from afar.",,,,,,
destinations.json,[0].quizBank[0].question,,ok,Chùa Cầu do cộng đồng thương nhân nào xây dựng?,Which merchant community built the bridge?,,,,,,
destinations.json,[0].quizBank[0].options[0],,ok,Nhật Bản,Japanese,,,,,,
destinations.json,[0].quizBank[0].options[1],,ok,Trung Hoa,Chinese,,,,,,
destinations.json,[0].quizBank[0].options[2],,ok,Bồ Đào Nha,Portuguese,,,,,,
destinations.json,[0].quizBank[1].question,,ok,Chùa Cầu được làm chủ yếu bằng vật liệu gì?,What is the bridge mainly made of?,,,,,,
destinations.json,[0].quizBank[1].options[0],,ok,Gỗ,Wood,,,,,,
destinations.json,[0].quizBank[1].options[1],,ok,Đá,Stone,,,,,,
destinations.json,[0].quizBank[1].options[2],,ok,Bê tông,Concrete,,,,,,
destinations.json,[0].quizBank[2].question,,ok,Chùa Cầu bắc qua dòng nước chảy ra con sông nào?,The bridge crosses a stream flowing into which river?,,,,,,
destinations.json,[0].quizBank[2].options[0],,ok,Sông Thu Bồn,Thu Bon River,,,,,,
destinations.json,[0].quizBank[2].options[1],,ok,Sông Hàn,Han River,,,,,,
destinations.json,[0].quizBank[2].options[2],,ok,Sông Hương,Huong River,,,,,,
destinations.json,[0].quizBank[3].question,,ok,Chùa Cầu được xây dựng vào khoảng thời gian nào?,When was the bridge built?,,,,,,
destinations.json,[0].quizBank[3].options[0],,ok,Đầu thế kỷ 17,Early 17th century,,,,,,
destinations.json,[0].quizBank[3].options[1],,ok,Thế kỷ 15,15th century,,,,,,
destinations.json,[0].quizBank[3].options[2],,ok,Thế kỷ 19,19th century,,,,,,
destinations.json,[0].quizBank[4].question,,ok,Hình ảnh Chùa Cầu xuất hiện trên tờ tiền Việt Nam mệnh giá nào?,The bridge appears on which Vietnamese banknote?,,,,,,
destinations.json,[0].quizBank[4].options[0],,ok,20.000 đồng,"20,000 VND",,,,,,
destinations.json,[0].quizBank[4].options[1],,ok,10.000 đồng,"10,000 VND",,,,,,
destinations.json,[0].quizBank[4].options[2],,ok,50.000 đồng,"50,000 VND",,,,,,
destinations.json,[0].short,,ok,"Vừa là cầu, vừa là miếu — công trình hơn 400 năm đã thành gương mặt của Hội An.","A bridge and a shrine in one — four centuries old, and the face of Hội An.",,,,,,
destinations.json,[0].highlights[0],,ok,Đôi tượng thần hầu và thiên cẩu gác hai đầu cầu,The monkey and dog guardians at either end of the bridge,,,,,,
destinations.json,[0].highlights[1],,ok,Ngôi miếu thờ Bắc Đế Trấn Võ giữa lòng cầu,The shrine to Bắc Đế Trấn Võ in the middle of the span,,,,,,
destinations.json,[0].highlights[2],,ok,Mái ngói âm dương và bộ vì kèo gỗ của người thợ xưa,The yin-yang tiles and the old carpenters' timber trusses,,,,,,
destinations.json,[1].name,,ok,Chùa Quan Âm,Quan Am Pagoda,,,,,,
destinations.json,[1].address,1,ok,26 Trần Phú,26 Trần Phú,,,,,,
destinations.json,[1].hours,1,ok,7:30 - 19:30,7:30 - 19:30,,,,,,
destinations.json,[1].description,,ok,"Cách Miếu Quan Công một khoảng vườn thanh tịnh làm nao lòng du khách, ngôi chùa là chốn tự tại giữa cảnh phồn hoa, giữ gìn nếp cũ người Minh Hương","A garden's calm away from Quan Công Temple, the pagoda is a place at ease amid the bustle, keeping the old ways of the Minh Hương community.",,,,,,
destinations.json,[1].quizBank[0].question,,ok,Tại sao vị bồ tát này lại có ngoại hình dữ tợn?,Why does this bodhisattva look so fierce?,,,,,,
destinations.json,[1].quizBank[0].options[0],,ok,Để hàng phục quỷ đói,To subdue the hungry ghosts,,,,,,
destinations.json,[1].quizBank[0].options[1],,ok,Để bảo vệ linh tháp,To guard the sacred tower,,,,,,
destinations.json,[1].quizBank[0].options[2],,ok,Để tăng uy thế cho điện thờ,To add majesty to the shrine,,,,,,
destinations.json,[1].quizBank[0].explain,,ok,"Tiêu Diện Đại Sĩ là một hóa thân của Quan Thế Âm Bồ Tát, cai quản, nhiếp phục loài ngạ quỷ (quỷ đói) và cứu độ chúng sinh lầm đường lạc lối. Đối diện với Tiêu Diện Đại Sĩ là Vi Đà Tôn Thiên, mang sắc tướng khôi ngô, là người bảo vệ. Hai vị cũng được gọi là Ông Thiện và Ông Ác.","Tiêu Diện Đại Sĩ is a manifestation of Avalokiteśvara who governs and subdues the hungry ghosts and rescues beings who have lost their way. Facing him is Vi Đà Tôn Thiên, handsome in form, the guardian. Together they are known as Mr Good and Mr Evil.",,,,,,
destinations.json,[1].quizBank[1].question,,ok,Quan Thế Âm Bồ Tát cầm gì trên tay trái?,What does Quan Am hold in her left hand?,,,,,,
destinations.json,[1].quizBank[1].options[0],,ok,Bình hồ lô,A gourd bottle,,,,,,
destinations.json,[1].quizBank[1].options[1],,ok,Bình tịnh thuỷ,A vase of pure water,,,,,,
destinations.json,[1].quizBank[1].options[2],,ok,Nhành dương liễu,A willow branch,,,,,,
destinations.json,[1].quizBank[1].explain,,ok,"Tay trái Quan Âm cầm bình thanh tịnh đựng nước cam lồ, biểu trưng cho lòng từ bi. Tay phải bà cầm nhành dương liễu để rưới nước cam lồ cho lòng người mát mẻ. Nước này rưới đến đâu là chan rải tình thương đến đó, xoa dịu mọi khổ đau của chúng sanh.","Her left hand holds the vase of pure nectar, a symbol of compassion. Her right hand holds a willow branch to sprinkle that nectar and cool the heart. Wherever it falls, love spreads and the suffering of all beings is soothed.",,,,,,
destinations.json,[1].short,,ok,"“Tịnh cảnh đối phồn hoa, cửa chùa luôn tự tại”, ngôi chùa nhỏ thể hiện văn hóa Phật giáo tại Hội An.",“A quiet realm facing the bustle; the pagoda gate stays at ease” — a small pagoda that carries Hội An's Buddhist life.,,,,,,
destinations.json,[1].highlights[0],,ok,Bài trí giản dị với tượng thờ và tranh vẽ phía sau,A simple layout: statues with painted panels behind them,,,,,,
destinations.json,[1].highlights[1],,ok,Bộ tranh mười tám vị La Hán,The set of paintings of the eighteen Arhats,,,,,,
destinations.json,[1].highlights[2],,ok,"Tượng Phật Bà ở sân trong, giữa tiểu cảnh và hồ nước nhỏ","The Quan Am statue in the inner courtyard, among rockery and a small pond",,,,,,
destinations.json,[2].name,,ok,Miếu Quan Công,Quan Cong Temple,,,,,,
destinations.json,[2].address,1,ok,24 Trần Phú,24 Trần Phú,,,,,,
destinations.json,[2].hours,1,ok,7:30 - 19:30,7:30 - 19:30,,,,,,
destinations.json,[2].description,,ok,"Một di tích lâu đời chứng kiến những đổi thay của phố Hội. Nhiều hợp đồng thương mại đã từng được ký kết ở nơi đây, dưới sự chứng giám của Quan Thánh.","An ancient monument that has witnessed Hội An change. Many trade contracts were once signed here, with Quan Thánh as witness.",,,,,,
destinations.json,[2].quizBank[0].question,,ok,Tại sao Quan Thánh Đế Quân (Quan Công) lại được thờ phụng ở Hội An?,Why is Quan Thánh Đế Quân (Quan Công) worshipped in Hội An?,,,,,,
destinations.json,[2].quizBank[0].options[0],,ok,Ngài có khả năng chữa bệnh,He can heal the sick,,,,,,
destinations.json,[2].quizBank[0].options[1],,ok,Ngài là tấm gương nghĩa khí,He is a model of loyalty and righteousness,,,,,,
destinations.json,[2].quizBank[0].options[2],,ok,Ngài đảm bảo sự an toàn cho phố cảng,He keeps the port town safe,,,,,,
destinations.json,[2].quizBank[0].explain,,ok,"Tri huyện Trương Tăng Diễn từng cúng một câu đối thể hiện uy linh của Quan Thánh Đế Quân với người Việt: “Nhất điểm đan tâm tồn Bắc sử; Thiên thu nghĩa khí tráng Nam cương” (Một tấm lòng son lưu sử Bắc; Ngàn năm nghĩa khí tráng Nam cương). Đặc biệt, thương nhân ở Hội An còn coi Ngài là bậc Thánh chứng cho chữ tín trong giao thương và trừng phạt những kẻ vi phạm khế ước.",District chief Trương Tăng Diễn donated a couplet on his standing among the Vietnamese: “One loyal heart lives on in Northern history; a thousand years of righteousness strengthen the Southern frontier.” Hội An's merchants also held him as the Saint who witnesses good faith in trade and punishes those who break a contract.,,,,,,
destinations.json,[2].quizBank[1].question,,ok,"Nhìn theo hướng từ chính điện ra, con ngựa bên trái Quan Công có màu gì?","Looking out from the main hall, what colour is the horse on Quan Công's left?",,,,,,
destinations.json,[2].quizBank[1].options[0],,ok,Đen,Black,,,,,,
destinations.json,[2].quizBank[1].options[1],,ok,Trắng,White,,,,,,
destinations.json,[2].quizBank[1].options[2],,ok,Đỏ,Red,,,,,,
destinations.json,[2].quizBank[1].explain,,ok,"Phía bên trái của Quan Công là tượng ngựa Xích Thố, toàn thân một màu đỏ rực như lửa. Trong tiểu thuyết “Tam Quốc diễn nghĩa”, Xích Thố đã qua nhiều đời chủ rồi gắn bó với nhân vật Quan Vũ. Sau khi Quan Vũ mất, ngựa bỏ ăn mà chết để bày tỏ lòng trung thành.","On his left stands Xích Thố (Red Hare), fiery red all over. In the Romance of the Three Kingdoms the horse passed through several masters before bonding with Quan Vũ; after his death it refused food and died out of loyalty.",,,,,,
destinations.json,[2].quizBank[2].question,,ok,Bức tranh phía bên trái từ trong chính điện nhìn ra vẽ cảnh gì?,"Looking out from the main hall, what scene does the painting on the left show?",,,,,,
destinations.json,[2].quizBank[2].options[0],,ok,Quan Công phò nhị tẩu (Quan Công hộ tống hai người chị dâu),Quan Công escorting his two sisters-in-law,,,,,,
destinations.json,[2].quizBank[2].options[1],,ok,Tam cố mao lư (Ba lần đến nhà tranh),Three visits to the thatched cottage,,,,,,
destinations.json,[2].quizBank[2].options[2],,ok,Đào viên kết nghĩa (Kết nghĩa ở vườn đào),The oath of brotherhood in the peach garden,,,,,,
destinations.json,[2].quizBank[2].explain,,ok,"Trong tranh, Quan Vũ hộ tống hai người vợ của Lưu Bị vượt qua năm cửa ải của Tào Tháo và chém sáu tướng cản đường để trở về với Lưu Bị. Ở phía bức tường còn lại, vẽ cảnh Châu Thương xin quy phục Quan Vũ. Sự kiện này cũng diễn ra trên đường trở về với Lưu Bị. Cả thiên truyện “vượt năm ải, chém sáu tướng” ca ngợi lòng trung thành và tiết nghĩa tuyệt đối của Quan Vũ. Về Châu Thương, đây là một trong hai đệ tử thường được phối thờ với Ngài. Châu Thương là người cầm Thanh Long yển nguyệt đao đứng phía tay trái Quan Công trong miếu này.","In the painting, Quan Vũ escorts Lưu Bị's two wives through Tào Tháo's five passes, cutting down the six generals who bar the way, to return to Lưu Bị. On the opposite wall is the scene of Châu Thương submitting to Quan Vũ, which also happened on that journey. The whole tale of “five passes, six generals” praises Quan Vũ's absolute loyalty and honour. As for Châu Thương: he is one of the two disciples usually enshrined with Quan Công, and holds the Green Dragon crescent blade to Quan Công's left in this temple.",,,,,,
destinations.json,[2].short,,ok,"Nổi bật với sắc đỏ uy phong của lòng chính trực, là trung tâm tín ngưỡng quan trọng bậc nhất cảng thị này.",Bold in the commanding red of righteousness — the foremost place of worship in this port town.,,,,,,
destinations.json,[2].highlights[0],,ok,Hoành phi được tiến cúng bởi các hội quán người Hoa khác nhau,Horizontal boards donated by the various Chinese assembly halls,,,,,,
destinations.json,[2].highlights[1],,ok,Bài thơ của Xuân Quận công Nguyễn Nghiễm,The poem by Duke Nguyễn Nghiễm,,,,,,
destinations.json,[2].highlights[2],,ok,"Tượng Quan Công, hai đệ tử cùng ngựa Xích Thố và Bạch Thố","Statues of Quan Công, his two attendants and the horses Xích Thố and Bạch Thố",,,,,,
destinations.json,[3].name,,ok,Bảo tàng Gốm sứ mậu dịch,Museum of Trade Ceramics,,,,,,
destinations.json,[3].address,1,ok,80 Trần Phú,80 Trần Phú,,,,,,
destinations.json,[3].hours,1,ok,7:00 - 21:00,7:00 - 21:00,,,,,,
destinations.json,[3].description,,ok,"Gốm là một minh chứng cho thời thông thương sôi động tại Hội An. Bên cạnh thổ sản, tơ tằm, đã từng có những con thuyền chở toàn gốm đến, đi, và cả nằm lại dưới biển.","Ceramics are the proof of Hội An's busy trading age. Alongside local produce and silk, whole boatloads of pottery once arrived, left — and stayed on the seabed.",,,,,,
destinations.json,[3].quizBank[0].question,,ok,Họa tiết này nằm trong hiện vật nào?,Which object does this pattern come from?,,,,,,
destinations.json,[3].quizBank[0].options[0],,ok,Một chiếc thau,A basin,,,,,,
destinations.json,[3].quizBank[0].options[1],,ok,Một chiếc đĩa,A plate,,,,,,
destinations.json,[3].quizBank[0].options[2],,ok,Một chiếc bát,A bowl,,,,,,
destinations.json,[3].quizBank[0].explain,,ok,"Chi tiết nằm trong một chiếc bát sứ Hizen, Nhật Bản, có niên đại khoảng nửa sau thế kỷ XVII. Hoạ tiết Thọ Lão cưỡi hạc này rất phổ biến trong gốm sứ Đông Á, thể hiện mong ước sống trường thọ.",The detail is from a Hizen porcelain bowl made in Japan around the second half of the 17th century. This motif of the God of Longevity riding a crane is common in East Asian ceramics and stands for the wish for a long life.,,,,,,
destinations.json,[3].quizBank[1].question,,ok,Bạn có thể đi tìm chú cua này không? Ai là người làm ra chú?,Can you find this little crab? Who made it?,,,,,,
destinations.json,[3].quizBank[1].options[0],,ok,Người Việt thế kỷ XV-XVI,"Vietnamese, 15th–16th century",,,,,,
destinations.json,[3].quizBank[1].options[1],,ok,Người Hoa thế kỷ XVII,"Chinese, 17th century",,,,,,
destinations.json,[3].quizBank[1].options[2],,ok,Người Nhật thế kỷ XVII,"Japanese, 17th century",,,,,,
destinations.json,[3].quizBank[1].explain,,ok,"Chu Đậu là dòng gốm cổ cao cấp nổi tiếng của Việt Nam có lịch sử gần 600 năm, phát triển rực rỡ từ thế kỷ XIV – XVI trước khi bị thất truyền và được phục hưng thành công. Làm từ đất sét trắng đặc trưng vùng Trúc Thôn (Chí Linh, Hải Dương), dòng gốm này được ca ngợi là “mỏng như giấy, trong như ngọc, trắng như ngà, kêu như chuông”.","Chu Đậu is Vietnam's celebrated old fine ware, nearly 600 years old, at its height from the 14th to the 16th century before it was lost and later successfully revived. Made from the white clay of Trúc Thôn (Chí Linh, Hải Dương), it is praised as “thin as paper, clear as jade, white as ivory, ringing like a bell”.",,,,,,
destinations.json,[3].quizBank[2].question,,ok,Làm sao mà chú cua này vẫn còn nguyên vẹn sau vụ đắm tàu?,How did this crab survive the shipwreck intact?,,,,,,
destinations.json,[3].quizBank[2].options[0],,ok,Vì chúng nằm gần bờ,Because it lay close to shore,,,,,,
destinations.json,[3].quizBank[2].options[1],,ok,Vì chúng nằm trong lớp bùn biển,Because it lay in the sea mud,,,,,,
destinations.json,[3].quizBank[2].options[2],,ok,Vì chúng được vớt lên ngay sau đó,Because it was salvaged straight away,,,,,,
destinations.json,[3].quizBank[2].explain,,ok,"Sau khi con tàu chở những đồ gốm này bị đắm, khả năng cao thân tàu đã nhanh chóng chìm vào lớp bùn, khiến cho một phần thân tàu còn nguyên vẹn và nhiều đồ gốm có thể được phát hiện nguyên trạng trong tàu.","After the ship carrying these ceramics sank, the hull most likely settled quickly into the mud, so part of it stayed intact and much of the pottery could be found in place inside the wreck.",,,,,,
destinations.json,[3].short,,ok,"Một vòng cảng thị từ gốm Hizen, Phước Kiến, đến gốm Islam, Chu Đậu.",One round of the port in ceramics — from Hizen and Fujian wares to Islamic pieces and Chu Đậu.,,,,,,
destinations.json,[3].highlights[0],,ok,"Sản phẩm gốm tới từ Nhật Bản, Trung Hoa, Trung Đông,...","Ceramics from Japan, China, the Middle East and beyond",,,,,,
destinations.json,[3].highlights[1],,ok,"Gốm Chu Đậu mỏng như giấy, trong như ngọc","Chu Đậu ware — thin as paper, clear as jade",,,,,,
destinations.json,[3].highlights[2],,ok,Câu chuyện từ những di chỉ gốm,The story told by the ceramic finds,,,,,,
destinations.json,[4].name,,ok,Bảo tàng Hội An,Hoi An Museum,,,,,,
destinations.json,[4].address,1,ok,10B Trần Hưng Đạo,10B Trần Hưng Đạo,,,,,,
destinations.json,[4].hours,1,ok,7:30 - 11:30 13:30 - 17:30,7:30 - 11:30 13:30 - 17:30,,,,,,
destinations.json,[4].description,,ok,"Hội An là một thành phố nhỏ trực thuộc tỉnh Quảng Nam, nằm bên bờ bắc sông Thu Bồn cách Thành phố Đà Nẵng 30km về phía Nam. Thành phố Hội An có diện tích khoảng 60 km2, dân số hơn 90.000 người, gồm 9 phường , 3 xã đất liền và 1 xã đảo.","The general museum of the town: Sa Huynh, Champa and trading-port periods through to the modern city.",,,,,,
destinations.json,[5].name,,ok,Bảo tàng Văn hóa Sa Huỳnh,Sa Huynh Culture Museum,,,,,,
destinations.json,[5].address,1,ok,149 Trần Phú,149 Trần Phú,,,,,,
destinations.json,[5].hours,1,ok,8:00 - 21:00,8:00 - 21:00,,,,,,
destinations.json,[5].description,,ok,"Sa Huỳnh là một trong ba cái nôi văn minh cổ xưa lớn nhất Việt Nam. Quan sát sự tương đồng của hiện vật sắt Sa Huỳnh tại Hội An với hiện vật sắt thời Hán, các nhà nghiên cứu đã kết luận nơi đây từng có một cảng thị sơ khai. Liệu những cư dân từ xa xưa của vùng đất này từng sống như thế nào?","Sa Huỳnh is one of Vietnam's three great cradles of ancient civilisation. Seeing how the Sa Huỳnh iron finds in Hội An resemble Han-era ironwork, researchers concluded that an early port town once stood here. So how did this land's first inhabitants live?",,,,,,
destinations.json,[5].quizBank[0].question,,ok,Những chiếc chum lớn từng được dùng để làm gì?,What were these large jars used for?,,,,,,
destinations.json,[5].quizBank[0].options[0],,ok,Mai táng người đã khuất,Burying the dead,,,,,,
destinations.json,[5].quizBank[0].options[1],,ok,Dự trữ lương thực,Storing grain,,,,,,
destinations.json,[5].quizBank[0].options[2],,ok,Dự trữ nước mưa,Storing rainwater,,,,,,
destinations.json,[5].quizBank[0].explain,,ok,"Táng mộ chum là hình thức mai táng nổi bật nhất của cư dân văn hóa Sa Huỳnh, trong đó người chết được đặt nguyên thi thể, than tro hỏa táng hoặc di cốt vào bên trong một chiếc chum bằng gốm đất nung cùng một vài đồ tùy táng như công cụ sản xuất hay trang sức.","Jar burial is the most distinctive funerary practice of the Sa Huỳnh culture: the body, the cremated ashes or the bones were placed inside a fired-clay jar together with a few grave goods such as tools or ornaments.",,,,,,
destinations.json,[5].quizBank[1].question,,ok,Chất liệu nào được dùng rộng rãi nhất để sản xuất công cụ lao động của cư dân Sa Huỳnh?,Which material did the Sa Huỳnh people use most widely for their working tools?,,,,,,
destinations.json,[5].quizBank[1].options[0],,ok,Đồng,Bronze,,,,,,
destinations.json,[5].quizBank[1].options[1],,ok,Sắt,Iron,,,,,,
destinations.json,[5].quizBank[1].options[2],,ok,Đá,Stone,,,,,,
destinations.json,[5].quizBank[1].explain,,ok,"Công cụ lao động phổ biến của người Sa Huỳnh chủ yếu được làm bằng sắt, bên cạnh các vật liệu truyền thống như đá, gốm và vỏ nhuyễn thể. Đồ sắt được phát hiện trong các di tích ở Hội An hầu hết nằm bên trong mộ chum, có kích thước lớn và đã qua sử dụng. Rất có thể đây là hiện vật mà lúc còn sống chủ nhân của chúng đã từng sử dụng.","Sa Huỳnh tools were mostly iron, alongside traditional materials such as stone, pottery and shell. Almost all the iron found at the Hội An sites lay inside burial jars, was large, and showed wear — most likely objects their owners had used in life.",,,,,,
destinations.json,[5].short,,ok,"Cách đây 2000 năm, người ta đã sống tại nơi bạn đang đứng như thế nào?","How did people live 2,000 years ago, right where you are standing?",,,,,,
destinations.json,[5].highlights[0],,ok,Táng tục mộ chum,The jar-burial custom,,,,,,
destinations.json,[5].highlights[1],,ok,Các chế tác quan trọng như công cụ lao động và trang sức,Key artefacts — working tools and ornaments,,,,,,
destinations.json,[5].highlights[2],,ok,Kỹ thuật sản xuất đồ gốm,How their pottery was made,,,,,,
destinations.json,[6].name,,ok,Bảo tàng Văn hóa dân gian,Museum of Folk Culture,,,,,,
destinations.json,[6].address,1,ok,33 Nguyễn Thái Học,33 Nguyễn Thái Học,,,,,,
destinations.json,[6].hours,1,ok,8:00 - 21:30,8:00 - 21:30,,,,,,
destinations.json,[6].description,,ok,"Bề dày truyền thống văn hóa, sự sáng tạo, những đóng góp của các thế hệ cư dân địa phương trong quá trình xây dựng phát triển vùng đất Hội An.","The depth of cultural tradition, the creativity and the contributions of generations of local people in building up the land of Hội An.",,,,,,
destinations.json,[6].quizBank[0].question,,ok,Người ta bắt tôm vào thời điểm nào trong ngày?,At what time of day are shrimp caught?,,,,,,
destinations.json,[6].quizBank[0].options[0],,ok,Chiều,Afternoon,,,,,,
destinations.json,[6].quizBank[0].options[1],,ok,Sáng sớm,Early morning,,,,,,
destinations.json,[6].quizBank[0].options[2],,ok,Đêm,At night,,,,,,
destinations.json,[6].quizBank[0].explain,,ok,Tôm thường được bắt vào ban đêm hoặc chiều tối (từ chập tối đến sáng sớm) vì đây là lúc tôm có tập tính rời nơi ẩn nấp để đi tìm kiếm thức ăn.,Shrimp are usually caught at night or in the late afternoon — from dusk to early morning — because that is when they leave their hiding places to look for food.,,,,,,
destinations.json,[6].quizBank[1].question,,ok,"Trong các ngày hội lớn, người dân bản địa thường chơi trò chơi dân gian nào?",Which folk game do locals play at the big festivals?,,,,,,
destinations.json,[6].quizBank[1].options[0],,ok,Bài chòi,Bài chòi (sung card game),,,,,,
destinations.json,[6].quizBank[1].options[1],,ok,Cờ người,Human chess,,,,,,
destinations.json,[6].quizBank[1].options[2],,en=vi,Tổ tôm điếm,Tổ tôm điếm,,,,,,
destinations.json,[6].quizBank[1].explain,,ok,"Bài chòi lưu hành phổ biến ở một số địa phương miền Trung từ Quảng Bình đến Bình Thuận. Qua lời kể của những nghệ nhân, vào cuối thế kỷ XVI đầu thế kỷ XVII, nhiều thú dữ trên rừng thường về quấy nhiễu cuộc sống. Người dân vì thế đã dựng những chiếc chòi rất cao ở ven rừng, cắt cử thanh niên trai tráng canh gác. Trong quá trình ấy, để đỡ buồn chán, người ta nghĩ ra cách giao lưu với nhau bằng những câu hát, câu hò, hô bài tứ sắc.","Bài chòi is popular across central Vietnam from Quảng Bình to Bình Thuận. Artisans tell that in the late 16th and early 17th centuries wild animals often came down from the forest to trouble the villages. People built tall watch-huts at the forest edge and posted young men to keep guard. To pass the time they took to calling songs and chants to one another, and card-calling was born.",,,,,,
destinations.json,[6].quizBank[2].question,,ok,Làng mộc nổi tiếng ở Hội An có tên là gì?,What is Hội An's famous carpentry village called?,,,,,,
destinations.json,[6].quizBank[2].options[0],,en=vi,Thanh Hà,Thanh Hà,,,,,,
destinations.json,[6].quizBank[2].options[1],,en=vi,Kim Bồng,Kim Bồng,,,,,,
destinations.json,[6].quizBank[2].options[2],,en=vi,Trà Quế,Trà Quế,,,,,,
destinations.json,[6].quizBank[2].explain,,ok,"Rất nhiều kiến trúc nhà cửa, chùa quán... ở khu phố cổ Hội An in dấu bàn tay thợ mộc Kim Bồng. Trong đó phải kể đến nhà cổ Tấn Ký, Tụy Tiên Đường Minh Hương và Miếu Quan Công.","Many of the houses, pagodas and halls in Hội An's old town bear the hand of the Kim Bồng carpenters — among them Tấn Ký house, Tụy Tiên Đường Minh Hương and Quan Công Temple.",,,,,,
destinations.json,[6].short,,ok,Kho tàng tri thức bản địa sống động tái hiện hồn cốt Hội An.,A living store of local knowledge that brings the soul of Hội An back to life.,,,,,,
destinations.json,[6].highlights[0],,ok,Sinh kế của người bản địa,How local people made their living,,,,,,
destinations.json,[6].highlights[1],,ok,Các lễ hội địa phương,The town's own festivals,,,,,,
destinations.json,[7].name,,ok,Bảo tàng nghề Y truyền thống,Museum of Traditional Medicine,,,,,,
destinations.json,[7].address,1,ok,34 Nguyễn Thái Học,34 Nguyễn Thái Học,,,,,,
destinations.json,[7].hours,1,ok,8:00 - 21:30,8:00 - 21:30,,,,,,
destinations.json,[7].description,,ok,"Từ thế kỷ XVI, thương cảng Hội An đã là nơi phân phối đa dạng từ thuốc Bắc đến thuốc Nam. Vào khoảng thế kỷ XIX-XX, những hiệu thuốc lớn nhỏ với nhiều thầy thuốc giỏi đã trở thành một phần bộ mặt phố Hội.","From the 16th century the port of Hội An distributed everything from northern Chinese to southern Vietnamese herbal medicine. Around the 19th and 20th centuries, pharmacies large and small, with many fine physicians, became part of the town's face.",,,,,,
destinations.json,[7].quizBank[0].question,,ok,Thầy thuốc đặt tay lên cổ tay bệnh nhân nhằm mục đích gì?,Why does the physician place fingers on the patient's wrist?,,,,,,
destinations.json,[7].quizBank[0].options[0],,ok,Chẩn đoán thai sản,To diagnose pregnancy,,,,,,
destinations.json,[7].quizBank[0].options[1],,ok,"Xác định tình trạng tạng phủ, khí huyết","To read the state of the organs, qi and blood",,,,,,
destinations.json,[7].quizBank[0].options[2],,ok,Khám tình trạng cổ tay,To examine the wrist itself,,,,,,
destinations.json,[7].quizBank[0].explain,,ok,"Bắt mạch trong Y học cổ truyền là phương pháp chẩn đoán bệnh bằng cách dùng tay cảm nhận sự vận hành của khí huyết trong mạch máu, từ đó suy đoán tình trạng sinh lý và bệnh lý của cơ thể. Bắt mạch có thể xem thai, tuy nhiên đây không phải tác dụng duy nhất.","Taking the pulse in traditional medicine means reading the flow of qi and blood in the vessels by hand, and from that inferring the body's healthy or diseased state. It can tell a pregnancy, but that is far from its only use.",,,,,,
destinations.json,[7].quizBank[1].question,,ok,"Vị thuốc nào được mệnh danh là “nhân sâm của người nghèo""?",Which remedy is known as “ginseng for the poor”?,,,,,,
destinations.json,[7].quizBank[1].options[0],,ok,Cây tía tô,Perilla,,,,,,
destinations.json,[7].quizBank[1].options[1],,ok,Cây ngải cứu,Mugwort,,,,,,
destinations.json,[7].quizBank[1].options[2],,ok,Cây đinh lăng,Đinh lăng (Polyscias),,,,,,
destinations.json,[7].quizBank[1].explain,,ok,"Trong rễ và lá đinh lăng có chứa saponin triterpenoid - nhóm hoạt chất sinh học tương tự như trong nhân sâm. Saponin có những tác dụng như tăng sức đề kháng, bồi bổ thần kinh, chống oxy hóa, cải thiện trí nhớ và chức năng gan. Ngoài ra đinh lăng còn chứa 17 loại axit amin có lợi cho hệ thần kinh, hệ miễn dịch, và giúp chống viêm, kháng khuẩn.","The roots and leaves of đinh lăng contain triterpenoid saponins — the same class of compounds found in ginseng. Saponins raise resistance, nourish the nerves, act as antioxidants and improve memory and liver function. Đinh lăng also holds 17 amino acids good for the nervous and immune systems, and helps fight inflammation and bacteria.",,,,,,
destinations.json,[7].quizBank[2].question,,ok,Siêu sắc thuốc xưa cần phải đảm bảo tính chất nào?,What must a traditional herb-decoction pot guarantee?,,,,,,
destinations.json,[7].quizBank[2].options[0],,ok,Không ảnh hưởng đến tính vị của thuốc,It must not alter the medicine's nature and taste,,,,,,
destinations.json,[7].quizBank[2].options[1],,ok,Có thể chống tràn,Prevent boiling over,,,,,,
destinations.json,[7].quizBank[2].options[2],,ok,Cách nhiệt khi đun,Insulate heat while boiling,,,,,,
destinations.json,[7].quizBank[2].explain,,ok,"Điều quan trọng nhất của siêu sắc thuốc là không phản ứng hoá học với dược liệu, giữ nguyên tính vị của thuốc.","What matters most in a decoction pot is that it does not react chemically with the herbs, so the medicine keeps its nature and flavour.",,,,,,
destinations.json,[7].short,,ok,"Nhức đầu, mỏi mắt, tê chân? Tận tình anh dẫn ả coi chốn này.","Headache, tired eyes, numb legs? Let this house of medicine show you around.",,,,,,
destinations.json,[7].highlights[0],,ok,Mô hình hiệu thuốc Đông Y,A model of a traditional herbal pharmacy,,,,,,
destinations.json,[7].highlights[1],,ok,Các vị thuốc phổ biến trong Đông Y,The common remedies of Eastern medicine,,,,,,
destinations.json,[7].highlights[2],,ok,"Phương pháp chẩn bệnh, chữa bệnh xưa",How illness was diagnosed and treated in the old days,,,,,,
destinations.json,[8].name,,ok,Bảo tàng Thổ sản,Museum of Local Products,,,,,,
destinations.json,[8].address,1,ok,57 Trần Phú,57 Trần Phú,,,,,,
destinations.json,[8].hours,1,ok,8:00 - 21:30,8:00 - 21:30,,,,,,
destinations.json,[8].description,,ok,"Thổ sản là một trong những mặt hàng được xuất khẩu qua thương cảng Hội An. Từ thế kỷ XVI, các thuyền buôn Bồ Đào Nha đã đến đây mua hàng như tơ, lụa, hồ tiêu, gỗ quý, thông qua các đại lý người Hoa hay người Nhật.","Local produce was among the goods exported through the port of Hội An. From the 16th century Portuguese merchant ships came here to buy silk, pepper and precious woods through Chinese or Japanese agents.",,,,,,
destinations.json,[8].quizBank[0].question,,ok,"Trong số các sản vật này, sản vật nào là quý hiếm và đắt giá nhất?",Which of these products was the rarest and most expensive?,,,,,,
destinations.json,[8].quizBank[0].options[0],,ok,Kỳ nam,Kỳ nam (finest agarwood),,,,,,
destinations.json,[8].quizBank[0].options[1],,ok,Quế,Cinnamon,,,,,,
destinations.json,[8].quizBank[0].options[2],,ok,Trầm hương,Agarwood,,,,,,
destinations.json,[8].quizBank[0].explain,,ok,"Một ghi chép từ năm 1600 cho thấy: “Kỳ nam hương màu đen, có dầu và giá 50 cruzados một catty nơi người Bồ Đào Nha, trong khi tại chính nơi sản xuất, nó trị giá ngang với bạc, bao nhiêu kỳ nam hương là bấy nhiêu bạc.” Nhiều thương nhân người Hoa sẵn sàng đợi cả năm chỉ để có đủ kỳ nam cho một chuyến tàu đến Nhật Bản, nơi giá cả được đẩy lên gấp 40 lần giá tại chỗ.","A record from 1600 notes: “Kỳ nam aloeswood is black and oily and costs 50 cruzados a catty from the Portuguese, while at the place it is produced it is worth its weight in silver.” Many Chinese merchants would wait a whole year just to gather enough kỳ nam for one voyage to Japan, where the price ran up to forty times the local rate.",,,,,,
destinations.json,[8].quizBank[1].question,,ok,Loại sản vật nào xuất hiện trên Cửu Đỉnh?,Which product appears on the Nine Dynastic Urns (Cửu Đỉnh)?,,,,,,
destinations.json,[8].quizBank[1].options[0],,ok,Lá lao,Lao leaf,,,,,,
destinations.json,[8].quizBank[1].options[1],,ok,Cau,Areca nut,,,,,,
destinations.json,[8].quizBank[1].options[2],,ok,Tiêu,Pepper,,,,,,
destinations.json,[8].quizBank[1].explain,,ok,"Cửu đỉnh là báu vật tượng trưng cho đế nghiệp muôn năm vững bền của triều Nguyễn, với 153 tấm họa tiết chạm nổi thể hiện phong cảnh, sản vật và con người Việt Nam. Trong số đó có 9 loại dược liệu và hương liệu quý, bao gồm kỳ nam, trầm hương, dâu tằm, tô hợp, yến sào, trầu không, cau, quế, và sâm ta.","The Nine Dynastic Urns are treasures standing for the enduring rule of the Nguyễn dynasty; their 153 relief panels depict Vietnam's landscapes, produce and people. Among them are nine precious medicinal and aromatic materials: kỳ nam and agarwood, mulberry, storax, birds' nests, betel leaf, areca nut, cinnamon and Vietnamese ginseng.",,,,,,
destinations.json,[8].short,,ok,Một lát cắt về mạng lưới thương mại thế kỷ XVI-XVII thông qua các loại thổ sản.,"A cross-section of the 16th–17th century trade network, read through local produce.",,,,,,
destinations.json,[8].highlights[0],,ok,"Quá trình khai thác kỳ nam, lâm sản quý hiếm bậc nhất","How kỳ nam, the rarest forest product, was harvested",,,,,,
destinations.json,[8].highlights[1],,ok,Giá cả và tầm quan trọng của từng mặt hàng trong thị trường thổ sản,Prices and importance of each product in the local-produce market,,,,,,
destinations.json,[8].highlights[2],,ok,Những vật dụng sử dụng trong buôn bán,The tools of trade,,,,,,
destinations.json,[9].name,,ok,Nhà trưng bày Văn hóa Nhật Bản,Japanese Culture Exhibition House,,,,,,
destinations.json,[9].address,1,ok,6 Nguyễn Thị Minh Khai,6 Nguyễn Thị Minh Khai,,,,,,
destinations.json,[9].hours,1,ok,Liên hệ ban tổ chức,Check with organisers,,,,,,
destinations.json,[9].description,,en=vi,Exhibition on the Japanese quarter of old Hoi An and the archaeology of Japanese trade in the town.,Exhibition on the Japanese quarter of old Hoi An and the archaeology of Japanese trade in the town.,,,,,,
destinations.json,[9].quizBank[0].question,,ok,"Trong dòng búp bê Koga, con khỉ đang ôm loài vật gì?","In the Koga doll tradition, what animal is the monkey holding?",,,,,,
destinations.json,[9].quizBank[0].options[0],,ok,Mèo,A cat,,,,,,
destinations.json,[9].quizBank[0].options[1],,ok,Gà,A rooster,,,,,,
destinations.json,[9].quizBank[0].options[2],,ok,Chó,A dog,,,,,,
destinations.json,[9].quizBank[0].explain,,ok,"Hiện này là một mẫu thiết kế có tên gọi ""Khỉ ôm gà"" của dòng búp bê Koga truyền thống đến từ tỉnh Nagasaki. Thiết kế này là một sự kết hợp độc đáo tượng trưng cho sự chuyển giao của 12 con giáp từ năm Thân (Saru) sang năm Dậu (Tori). Trong văn hóa Nhật Bản, từ con khỉ (saru) là một cách chơi chữ đồng âm với từ ""rời đi"" (saru / 去る), mang ý nghĩa xua đuổi những điều xui xẻo hoặc vận rủi.","This is a design called “monkey holding a rooster” from the traditional Koga dolls of Nagasaki prefecture. It marks the handover of the zodiac from the year of the Monkey (Saru) to the year of the Rooster (Tori). In Japanese the word for monkey, saru, is a pun on saru (去る), “to leave” — so the doll sends bad luck away.",,,,,,
destinations.json,[9].short,,ok,Một vòng văn hóa Nhật Bản với những thực hành và món đồ chơi truyền thống,A round of Japanese culture through its traditional practices and toys,,,,,,
destinations.json,[10].name,,ok,Nhà biểu diễn nghệ thuật cổ truyền Hội An,Traditional Art Performance House,,,,,,
destinations.json,[10].address,1,ok,Khu phố cổ Hội An,Hoi An Ancient Town,,,,,,
destinations.json,[10].hours,1,ok,Liên hệ ban tổ chức,Check with organisers,,,,,,
destinations.json,[10].description,,ok,"Nhà Biểu diễn nghệ thuật cổ truyền được thành lập từ năm 1996 đến nay, các chương trình nghệ thuật đã mang lại nhiều mỹ cảm và sự thích thú cho đông đảo người xem trong nước và quốc tế.","Stage for traditional music, bai choi singing and folk dance performances.",,,,,,
destinations.json,[11].name,,ok,Nhà thờ tộc Trần,Tran Family Chapel,,,,,,
destinations.json,[11].address,1,ok,21 Lê Lợi,21 Lê Lợi,,,,,,
destinations.json,[11].hours,1,ok,7:00 - 21:00,7:00 - 21:00,,,,,,
destinations.json,[11].description,,ok,"Xuyên qua khu vườn yên ả là từ đường của tộc Trần, khởi dựng từ năm 1802 bởi một vị quan trước khi đi sứ sang Trung Quốc.","Through a quiet garden stands the Trần family temple, founded in 1802 by a mandarin before he left on an embassy to China.",,,,,,
destinations.json,[11].quizBank[0].question,,ok,Con hổ trong bức tranh ở gian ngoài đang làm gì?,What is the tiger in the painting in the outer room doing?,,,,,,
destinations.json,[11].quizBank[0].options[0],,ok,Ngồi,Sitting,,,,,,
destinations.json,[11].quizBank[0].options[1],,ok,Nhảy qua suối,Leaping a stream,,,,,,
destinations.json,[11].quizBank[0].options[2],,ok,Gầm,Roaring,,,,,,
destinations.json,[11].quizBank[0].explain,,ok,"Trên bức tranh có viết hai chữ “Hổ khiếu” tức hổ gầm, tượng trưng cho sức mạnh dũng mãnh, uy lực vang dội, có thể xua đuổi tà khí.","The painting carries the two characters “Hổ khiếu” — the tiger's roar — a sign of fierce strength and resounding power, able to drive off evil airs.",,,,,,
destinations.json,[11].quizBank[1].question,,ok,"Khi muốn xin ý kiến của tổ tiên, chủ nhà sẽ thực hiện hành động gì?","To ask the ancestors' opinion, what does the head of the house do?",,,,,,
destinations.json,[11].quizBank[1].options[0],,ok,Xin đài âm dương,Cast the yin-yang coins,,,,,,
destinations.json,[11].quizBank[1].options[1],,ok,Xin báo mộng,Ask for a dream omen,,,,,,
destinations.json,[11].quizBank[1].options[2],,ok,Xin giáng bút,Ask for spirit writing,,,,,,
destinations.json,[11].quizBank[1].explain,,ok,"Xin đài âm dương (xin keo) là nghi thức gieo hai đồng xu hoặc hai miếng gỗ bán nguyệt để hỏi ý kiến thần linh, gia tiên phù hộ về những việc hệ trọng như làm nhà, kinh doanh, thi cử, ốm đau...","Casting the yin-yang lots is the rite of throwing two coins or two half-moon pieces of wood to ask the gods and ancestors for guidance on weighty matters: building a house, starting a business, sitting an exam, an illness.",,,,,,
destinations.json,[11].quizBank[2].question,,ok,Kết cấu kiến trúc này có tên là gì?,What is this structural form called?,,,,,,
destinations.json,[11].quizBank[2].options[0],,ok,Vì giá chiêng,The gong-frame truss,,,,,,
destinations.json,[11].quizBank[2].options[1],,ok,Vì vỏ cua,The crab-shell truss,,,,,,
destinations.json,[11].quizBank[2].options[2],,ok,Vì chồng rường giả thủ,The stacked-beam false-head truss,,,,,,
destinations.json,[11].quizBank[2].explain,,ok,"Vì vỏ cua là một kiểu kết cấu vì kèo gỗ truyền thống trong kiến trúc cổ của người Việt, thường gặp ở Hội An, Huế và các vùng lân cận. Các vì vỏ cua thường được thợ mộc chạm trổ hoa văn, họa tiết rất tinh xảo, vừa mang tính chịu lực đỡ mái vừa làm điểm nhấn trang trí cho không gian nội thất.","The crab-shell truss is a traditional Vietnamese wooden roof truss, common in Hội An, Huế and nearby areas. Carpenters usually carve them with fine patterns, so the truss both carries the roof and becomes the ornament of the interior.",,,,,,
destinations.json,[11].short,,ok,"Nhà thờ cổ 200 năm tuổi ẩn trong một khu vườn, với lối kiến trúc pha trộn từ ba nền văn hoá.","A 200-year-old family temple hidden in a garden, its architecture blending three cultures.",,,,,,
destinations.json,[11].highlights[0],,ok,Kiến trúc nhà vườn cổ kính,Old garden-house architecture,,,,,,
destinations.json,[11].highlights[1],,ok,Các cổ vật mang nhiều dấu ấn văn hoá,Antiques carrying the marks of several cultures,,,,,,
destinations.json,[11].highlights[2],,ok,Không gian thờ tự trang nghiêm,A solemn space for ancestor worship,,,,,,
destinations.json,[12].name,,ok,Nhà thờ tộc Nguyễn Tường,Nguyen Tuong Family Chapel,,,,,,
destinations.json,[12].address,1,ok,8/2 Nguyễn Thị Minh Khai,8/2 Nguyễn Thị Minh Khai,,,,,,
destinations.json,[12].hours,1,ok,8:00 - 21:00,8:00 - 21:00,,,,,,
destinations.json,[12].description,,ok,Di tích gắn với sự phát tích của dòng họ Nguyễn Tường ở Hội An và của nhóm Tự Lực Văn Đoàn.,A house tied to the rise of the Nguyễn Tường lineage in Hội An and to the Tự Lực Văn Đoàn literary group.,,,,,,
destinations.json,[12].quizBank[0].question,,ok,Ngôi nhà này được xây dựng bởi ai?,Who built this house?,,,,,,
destinations.json,[12].quizBank[0].options[0],,ok,Một vị thượng thư triều Nguyễn,A minister of the Nguyễn court,,,,,,
destinations.json,[12].quizBank[0].options[1],,ok,Một hoạ sĩ,A painter,,,,,,
destinations.json,[12].quizBank[0].options[2],,ok,Một nhà văn,A writer,,,,,,
destinations.json,[12].quizBank[0].explain,,ok,"Nguyễn Tường Vân là một vị quan đại thần dưới triều vua Gia Long và Minh Mạng, từng giữ chức Binh bộ Thượng thư và mang tước Nhuận Trạch Hầu. Ngay trước nhà còn liễn đối ca ngợi ông: “Nhuận Trạch hầu gia khí thế trường tồn uy hải ngoại. Thượng thư Binh bộ thanh danh quảng bá Việt trung.” Chức Binh bộ Thượng thư tương đương với Bộ trưởng Bộ Quốc phòng ngày nay.","Nguyễn Tường Vân was a senior mandarin under the emperors Gia Long and Minh Mạng, serving as Minister of War with the title Marquis of Nhuận Trạch. A couplet in front of the house praises him: “Nhuận Trạch hầu gia khí thế trường tồn uy hải ngoại. Thượng thư Binh bộ thanh danh quảng bá Việt trung.” The post of Minister of War was the equivalent of today's Minister of Defence.",,,,,,
destinations.json,[12].quizBank[1].question,,ok,Phần trung tâm của ngôi nhà này được sử dụng để làm gì?,What is the central part of the house used for?,,,,,,
destinations.json,[12].quizBank[1].options[0],,ok,Sáng tác văn chương,Writing literature,,,,,,
destinations.json,[12].quizBank[1].options[1],,ok,Thờ cúng,Ancestor worship,,,,,,
destinations.json,[12].quizBank[1].options[2],,ok,Tiếp khách,Receiving guests,,,,,,
destinations.json,[12].quizBank[1].explain,,ok,"Trước gian thờ là hoành phi ghi bốn chữ “Nguyễn Tường từ đường”, hai bên là liễn đối: “Thiên tải tần phồn truy viễn, thử tâm hà cảm giải. Nhất diên tu tiến đốc thân, tư niệm khởi năng vong.” Tạm dịch: Ngàn năm dâng lễ cúng tế tưởng nhớ tổ tiên, tấm lòng này sao dám trễ nải. Một mâm cúng dâng món ngon hiếu kính người thân, đạo lý này há thể nào quên.","Above the altar hangs a board reading “Nguyễn Tường family temple”, flanked by the couplet: “Thiên tải tần phồn truy viễn, thử tâm hà cảm giải. Nhất diên tu tiến đốc thân, tư niệm khởi năng vong.” Roughly: a thousand years of offerings in memory of our ancestors — how could this heart ever slacken; one tray of fine food offered in filial care — how could that duty ever be forgotten.",,,,,,
destinations.json,[12].quizBank[2].question,,ok,Tác giả nào là hậu duệ của tộc Nguyễn Tường?,Which author is a descendant of the Nguyễn Tường clan?,,,,,,
destinations.json,[12].quizBank[2].options[0],,en=vi,Nguyên Hồng,Nguyên Hồng,,,,,,
destinations.json,[12].quizBank[2].options[1],,en=vi,Khái Hưng,Khái Hưng,,,,,,
destinations.json,[12].quizBank[2].options[2],,en=vi,Thạch Lam,Thạch Lam,,,,,,
destinations.json,[12].quizBank[2].explain,,ok,"Thạch Lam là hậu duệ của dòng họ khoa bảng Nguyễn Tường. Tuy vậy, cuộc đời sáng tác của ông gắn liền với phố huyện Cẩm Giàng (Hải Dương) và Hà Nội. Ông viết về một chiều hoàng hôn ở phố huyện tù đọng và bị lề hóa: “Tiếng trống thu không trên cái chòi của huyện nhỏ; từng tiếng một vang ra để gọi buổi chiều. Phương tây đỏ rực như lửa cháy và những áng mây ánh hồng như hòn than sắp tàn. [...] Chiều, chiều rồi. Một chiều êm ả như ru, văng vẳng tiếng ếch nhái kêu ra ngoài đồng ruộng theo gió nhẹ đưa vào.”","Thạch Lam descends from the scholarly Nguyễn Tường line, though his writing life belonged to the district town of Cẩm Giàng (Hải Dương) and Hà Nội. He wrote of dusk in a stagnant, forgotten district town: “The evening drum on the little district watchtower, one beat after another, calling in the dusk. The west blazed red as fire and the clouds glowed pink like embers about to die… Evening, evening now. An evening as gentle as a lullaby, the frogs calling faintly from the fields on a light breeze.”",,,,,,
destinations.json,[12].short,,ok,Câu chuyện về dòng họ được khai cơ bởi một vị Thượng thư – cội nguồn của những nhà văn lớn thế kỷ XX.,The story of a lineage founded by a Minister of the Court — the root of two great 20th-century writers.,,,,,,
destinations.json,[12].highlights[0],,ok,Các tác phẩm của nhóm Tự Lực Văn Đoàn,Works by the Tự Lực Văn Đoàn writers,,,,,,
destinations.json,[12].highlights[1],,ok,Sắc phong của bốn triều vua,Royal patents from four reigns,,,,,,
destinations.json,[12].highlights[2],,ok,Không gian thờ tự trang nghiêm,A solemn space for ancestor worship,,,,,,
destinations.json,[13].name,,ok,Nhà cổ Phùng Hưng,Phung Hung Old House,,,,,,
destinations.json,[13].address,1,ok,4 Nguyễn Thị Minh Khai,4 Nguyễn Thị Minh Khai,,,,,,
destinations.json,[13].hours,1,ok,8:00 - 18:00,8:00 - 18:00,,,,,,
destinations.json,[13].description,,ok,"Mong muốn gia đình sẽ làm ăn ngày càng phát đạt, vị thương nhân đã đặt tên cho ngôi nhà là “Phùng Hưng” - cũng là tên hiệu buôn của ông, mang nghĩa là “hưng thịnh”.","Wishing his family's business ever greater fortune, the merchant named the house “Phùng Hưng” — also the name of his shop — meaning “prosperity”.",,,,,,
destinations.json,[13].quizBank[0].question,,ok,Hai bộ tranh này được tạo ra bằng kỹ nghệ gì?,By which craft were these two picture panels made?,,,,,,
destinations.json,[13].quizBank[0].options[0],,ok,Pháp lam,Enamel (pháp lam),,,,,,
destinations.json,[13].quizBank[0].options[1],,ok,Cẩn xà cừ,Mother-of-pearl inlay,,,,,,
destinations.json,[13].quizBank[0].options[2],,ok,Ghép sành sứ,Ceramic mosaic,,,,,,
destinations.json,[13].quizBank[0].explain,,ok,"Cẩn xà cừ (khảm trai) là nghề thủ công truyền thống lâu đời tại Việt Nam, dùng các mảnh vỏ trai, vỏ ốc cắt gọt tinh xảo để cẩn lên bề mặt gỗ, kim loại hoặc sơn mài. Các chi tiết cẩn xà cừ có độ óng ánh, đổi màu theo góc nhìn.","Mother-of-pearl inlay is a long-standing Vietnamese craft: pieces of shell are cut with great precision and set into wood, metal or lacquer. Inlaid details shimmer and shift colour with the angle of view.",,,,,,
destinations.json,[13].quizBank[1].question,,ok,Chiếc cửa sập trong nhà dùng để làm gì?,What was the trapdoor in the house for?,,,,,,
destinations.json,[13].quizBank[1].options[0],,ok,Đi lại giữa gác và tầng trệt,Getting between the loft and the ground floor,,,,,,
destinations.json,[13].quizBank[1].options[1],,ok,Thông gió,Ventilation,,,,,,
destinations.json,[13].quizBank[1].options[2],,ok,"Chuyển hàng hóa, đồ đạc lên tầng",Moving goods and furniture up to the loft,,,,,,
destinations.json,[13].quizBank[1].explain,,ok,"Xưa kia, do phố cổ Hội An nằm gần sông và hay bị ngập lụt mùa nước lên, chủ nhà dùng cửa sập này để nhanh chóng chuyển và kéo hàng hóa từ tầng trệt lên gác lửng nhằm tránh lũ.","Hội An's old town sits near the river and used to flood when the water rose, so the owners used this trapdoor to move and haul goods quickly from the ground floor up to the loft, out of the water's way.",,,,,,
destinations.json,[13].quizBank[2].question,,ok,Bộ tượng này là nhân hóa của các giá trị gì?,Which values do these three statues personify?,,,,,,
destinations.json,[13].quizBank[2].options[0],,ok,Phúc - Lộc - Thọ,"Fortune, Prosperity, Longevity",,,,,,
destinations.json,[13].quizBank[2].options[1],,ok,Tòng Phụ - Tòng Phu - Tòng Tử,The three obediences,,,,,,
destinations.json,[13].quizBank[2].options[2],,ok,Nhân - Lễ - Nghĩa,"Benevolence, Propriety, Righteousness",,,,,,
destinations.json,[13].quizBank[2].explain,,ok,"Phúc Lộc Thọ (hay Tam Đa) là biểu tượng trong văn hóa Á Đông tượng trưng cho ba điều ước lớn nhất của đời người: may mắn/hạnh phúc (Phúc), sự thịnh vượng/giàu sang (Lộc), và sức khỏe/sống lâu (Thọ).","Phúc Lộc Thọ — the Three Stars — is an East Asian symbol of life's three greatest wishes: good fortune and happiness (Phúc), prosperity and wealth (Lộc), and health and long life (Thọ).",,,,,,
destinations.json,[13].short,,ok,"Nhà cổ rộng rãi, với kiến trúc pha trộn từ ba nền văn hoá Việt - Nhật - Trung","A spacious old house whose architecture blends three cultures — Vietnamese, Japanese and Chinese.",,,,,,
destinations.json,[13].highlights[0],,ok,Các bộ tranh được tạo bằng kỹ thuật truyền thống,Picture panels made by traditional techniques,,,,,,
destinations.json,[13].highlights[1],,ok,"Mái nhà giữa được thiết kế theo kiểu ""tứ hải"" của Nhật Bản",The middle roof follows the Japanese “four seas” form,,,,,,
destinations.json,[13].highlights[2],,ok,Bộ liễn đối theo lối “hồi văn” - dù đọc xuôi hay đọc ngược thì ý nghĩa không đổi,"A palindromic couplet — read forwards or backwards, the meaning holds",,,,,,
destinations.json,[14].name,,ok,Nhà cổ Quân Thắng,Quan Thang Ancient House,,,,,,
destinations.json,[14].address,1,ok,77 Trần Phú,77 Trần Phú,,,,,,
destinations.json,[14].hours,1,ok,9:00 - 19:00,9:00 - 19:00,,,,,,
destinations.json,[14].description,,ok,"Nhà cổ Quân Thắng được xây dựng vào khoảng cuối thế kỷ 17, pha trộn giữa phong cách Trung Hoa và Việt Nam.","Quân Thắng house was built around the end of the 17th century, blending Chinese and Vietnamese styles.",,,,,,
destinations.json,[14].quizBank[0].question,,ok,Chủ nhân đầu tiên của ngôi nhà này là ai?,Who was the first owner of this house?,,,,,,
destinations.json,[14].quizBank[0].options[0],,ok,Chủ hiệu sách,A bookshop owner,,,,,,
destinations.json,[14].quizBank[0].options[1],,ok,Thương nhân buôn gốm,A ceramics trader,,,,,,
destinations.json,[14].quizBank[0].options[2],,ok,Thương nhân kinh doanh hàng hóa quý hiếm,A merchant in rare goods,,,,,,
destinations.json,[14].quizBank[0].explain,,ok,"Chủ nhân đầu tiên là ông Quân Thắng, một thương nhân người Hoa giàu có bậc nhất tại phố Hội thời xưa. Bà Diệp Ái Phương (cháu đời thứ 7 của thương nhân Quân Thắng) cho biết, ban đầu nơi đây là một hiệu buôn sầm uất, chuyên kinh doanh các loại hàng hóa quý hiếm.","The first owner was Mr Quân Thắng, one of the wealthiest Chinese merchants in old Hội An. Mrs Diệp Ái Phương, his seventh-generation descendant, says the house began as a busy shop trading in rare goods.",,,,,,
destinations.json,[14].quizBank[1].question,,ok,Những con số này biểu thị điều gì?,What do these numbers mark?,,,,,,
destinations.json,[14].quizBank[1].options[0],,ok,Mốc nước lũ theo từng năm,The flood level of each year,,,,,,
destinations.json,[14].quizBank[1].options[1],,ok,Chiều cao của các loại cây kiểng khác nhau,The heights of different ornamental plants,,,,,,
destinations.json,[14].quizBank[1].options[2],,ok,Chiều cao các thành viên trong gia đình,The heights of the family's members,,,,,,
destinations.json,[14].quizBank[1].explain,,ok,"Bà Diệp Ái Phương cho biết việc ghi dấu mực nước trên cột gỗ đã có từ thời ông cha để lại. Con cháu trong dòng họ vẫn tiếp tục gìn giữ, bảo tồn. Trong những ngày lũ, gia đình bà chuyển toàn bộ sinh hoạt lên tầng 2 để đảm bảo an toàn. Trên cột nhà có ghi lại trận lũ Giáp Thìn 1964, một trận ""đại hồng thủy"" gây thiệt hại nghiêm trọng cho các tỉnh miền Trung từ Huế đến Bình Định (cũ).","Mrs Diệp Ái Phương says marking the water level on the wooden column was handed down from her forebears, and the family keeps it up. During floods they move all daily life to the upper floor. One mark records the great flood of 1964, a deluge that did severe damage across central Vietnam from Huế to Bình Định.",,,,,,
destinations.json,[14].quizBank[2].question,,ok,Hình ảnh được chạm trên cuốn thư ở giếng trời là gì?,What is carved on the scroll panel in the light well?,,,,,,
destinations.json,[14].quizBank[2].options[0],,ok,Hoa cúc và chim trĩ,Chrysanthemum and pheasant,,,,,,
destinations.json,[14].quizBank[2].options[1],,ok,Cây tùng và hươu,Pine and deer,,,,,,
destinations.json,[14].quizBank[2].options[2],,ok,Cây tùng và hạc,Pine and crane,,,,,,
destinations.json,[14].quizBank[2].explain,,ok,"Hình ảnh tùng và hươu là một hình ảnh phổ biến trong trang trí ở Đông Á, trong đó cây tùng diện cho sức sống bền bỉ, sự hiên ngang và khí tiết vượt qua nghịch cảnh còn hươu (âm Hán Việt là “lộc”) có phát âm tương tự chữ ""lộc"" (tài lộc, bổng lộc). Trong kiến trúc nhà ống dài không có cửa sổ bên hông, thiên tỉnh là nguồn cung cấp ánh sáng và khí trời duy nhất. Ở ngay sát cửa có thể thấy hai bài vị thờ “Thiên quan tứ phúc” và “Tư mệnh táo quân”. Thờ cúng ông Thiên là truyền thống của nhiều gia đình người Hoa. Bài vị thờ “Thiên quan tứ phúc” sẽ được đặt ở nơi thoáng đãng, lộ thiên để đón phúc khí.","The pine and deer are a common pairing in East Asian ornament: the pine stands for lasting vitality, an upright bearing and integrity through hardship, while the deer — “lộc” in Sino-Vietnamese — sounds like the word for fortune and reward. In a long tube house with no side windows, the skywell is the only source of light and fresh air. Right beside the door are two tablets to “Thiên quan tứ phúc” and the Kitchen God. Worshipping Heaven is a tradition in many Chinese families; the tablet to “Thiên quan tứ phúc” is set in an open, airy spot to receive good fortune.",,,,,,
destinations.json,[14].short,,ok,Ngôi nhà hơn 300 tuổi mang văn hoá người Hoa,A house of more than 300 years carrying Chinese culture,,,,,,
destinations.json,[14].highlights[0],,ok,Kiến trúc nhà ống đặc trưng của Hội An,The tube-house plan typical of Hội An,,,,,,
destinations.json,[14].highlights[1],,ok,Các chi tiết điêu khắc gỗ tinh xảo,Finely carved woodwork,,,,,,
destinations.json,[14].highlights[2],,ok,Nội thất và trang trí của cộng đồng người Hoa,The furniture and ornament of the Chinese community,,,,,,
destinations.json,[15].name,,ok,Nhà cổ Đức An,Duc An Old House,,,,,,
destinations.json,[15].address,1,ok,129 Trần Phú,129 Trần Phú,,,,,,
destinations.json,[15].hours,1,ok,9:00 - 19:00,9:00 - 19:00,,,,,,
destinations.json,[15].description,,ok,"Một ngôi nhà ghi lại quá trình phát triển của phong trào yêu nước đầu thế kỷ XX, từ phong trào Duy Tân cho đến hoạt động cách mạng của Đảng Cộng sản.","A house that records the growth of the patriotic movement in the early 20th century, from the Duy Tân reform movement to the work of the Communist Party.",,,,,,
destinations.json,[15].quizBank[0].question,,ok,Trước kia nhà Đức An từng bán sách của tác giả nào?,Whose books did the Đức An shop once sell?,,,,,,
destinations.json,[15].quizBank[0].options[0],,ok,"Sách của Khang Hữu Vi, Lương Khải Siêu",Kang Youwei and Liang Qichao,,,,,,
destinations.json,[15].quizBank[0].options[1],,ok,Sách của Hà Ân Chấn,Hà Ân Chấn,,,,,,
destinations.json,[15].quizBank[0].options[2],,ok,Sách của Cù Thu Bạch,Qu Qiubai,,,,,,
destinations.json,[15].quizBank[0].explain,,ok,"Từ cuối thế kỷ XIX, ngôi Nhà Đức An là nơi bán sách, chủ yếu là sách tiếng Hoa của tác giả Khang Hữu Vi, Lương Khải Siêu,... Trong thời gian này, các nhà yêu nước kháng Pháp như Huỳnh Thúc Kháng, Trần Quý Cáp... thường lui tới để đặt mua những cuốn sách có nội dung tư tưởng tiến bộ. Cụ Trần Quý Cáp đã cho gia chủ các chữ được ghi trên liễn đối: “Vân trình ngũ sắc văn minh thịnh; Vạn tuế tam xuân khí tượng tân” (có nghĩa: Mây quý hiển linh giúp nền văn minh rực rỡ; Vạn năm khí sắc xuân lành), thể hiện khát khao canh tân, phát triển đất nước.","From the late 19th century Đức An was a bookshop, selling mainly Chinese-language works by Kang Youwei, Liang Qichao and others. In those years patriots resisting the French — Huỳnh Thúc Kháng, Trần Quý Cáp and others — came often to order books of progressive ideas. The scholar Trần Quý Cáp gave the owner the words on the couplet: “Vân trình ngũ sắc văn minh thịnh; Vạn tuế tam xuân khí tượng tân” — auspicious five-coloured clouds bring a flourishing civilisation; ten thousand years of spring bring a fresh air — voicing the wish to reform and develop the country.",,,,,,
destinations.json,[15].quizBank[1].question,,ok,Vì sao hiệu Đức An chuyển sang bán thuốc bắc?,Why did Đức An switch to selling Chinese medicine?,,,,,,
destinations.json,[15].quizBank[1].options[0],,ok,Hiệu Đức An gặp được nguồn cung thuốc tốt,They found a good supply of medicine,,,,,,
destinations.json,[15].quizBank[1].options[1],,ok,Thực dân Pháp đàn áp Trung Kỳ dân biến,The French crushed the Central Vietnam uprising,,,,,,
destinations.json,[15].quizBank[1].options[2],,ok,Việc bán sách không còn thu được lợi nhuận,Bookselling stopped being profitable,,,,,,
destinations.json,[15].quizBank[1].explain,,ok,"Sau sự kiện chống thuế năm 1908, nhà Đức An chuyển sang bán thuốc Bắc hòa vào việc buôn bán tấp nập cùng nhiều hiệu thuốc Bắc ở Hội An song vẫn là điểm hẹn gặp gỡ của các chí sĩ yêu nước trong khu vực. Trong vụ dân biến này, nông dân kéo nhau thành từng đoàn đến bao vây các dinh công sứ Pháp để nộp đơn xin giảm sưu thuế. Thực dân Pháp sau đó đã dùng vũ lực đàn áp đẫm máu, bắt bớ và đày ải nhiều sĩ phu, nông dân yêu nước.","After the anti-tax protests of 1908, Đức An turned to selling northern herbal medicine, joining the brisk trade of Hội An's many pharmacies, while remaining a meeting point for patriotic scholars in the region. In those disturbances, farmers marched in crowds to surround the French residency offices to petition for lower taxes. The French then put the movement down by force, arresting and exiling many scholars and farmers.",,,,,,
destinations.json,[15].quizBank[2].question,,ok,"Từ năm 1927 đến năm 1934, chủ nhà Đức An đã sử dụng nơi này để tổ chức những hoạt động gì?","From 1927 to 1934, what did the owner of Đức An use this house for?",,,,,,
destinations.json,[15].quizBank[2].options[0],,ok,Chẩn bệnh miễn phí cho người nghèo,Free medical consultations for the poor,,,,,,
destinations.json,[15].quizBank[2].options[1],,ok,Gặp gỡ các cầu thủ của đội bóng Ô-rô,Meeting players of the Ô-rô football team,,,,,,
destinations.json,[15].quizBank[2].options[2],,ok,"Liên lạc, hội họp của phong trào cách mạng",Meetings and liaison for the revolutionary movement,,,,,,
destinations.json,[15].quizBank[2].explain,,ok,"Tháng 10/1927, tại chính căn nhà này, đồng chí Năm Thêm chủ trì cuộc họp thành lập Hội Việt Nam Cách mạng Thanh niên Hội An. Từ ngày 28/03/1930, Tỉnh ủy Đảng Cộng sản Việt Nam Quảng Nam được thành lập ở Hội An, nhà Đức An tiếp tục trở thành nơi liên lạc và tổ chức hội họp của Đảng. Năm 1934, do sự chỉ dẫn của mật thám, lính Pháp đã đến lục soát ngôi nhà này và tìm thấy một vài tài liệu tiếng nước ngoài. Từ đó, nhà Đức An tạm đình chỉ làm nơi liên lạc của Đảng.","In October 1927, in this very house, comrade Năm Thêm chaired the meeting that founded the Hội An branch of the Vietnam Revolutionary Youth League. From 28 March 1930, when the Quảng Nam Provincial Party Committee was founded in Hội An, Đức An went on serving as a liaison and meeting place for the Party. In 1934, tipped off by informers, French soldiers searched the house and found some foreign-language documents; after that Đức An stopped being used as a Party liaison point.",,,,,,
destinations.json,[15].short,,ok,"Hình hài của tinh thần yêu nước, tinh thần cách mạng qua nhiều thế hệ.","Patriotism and revolution, given a shape across several generations.",,,,,,
destinations.json,[15].highlights[0],,ok,Dụng cụ sinh hoạt và ảnh tư liệu của đồng chí Cao Hồng Lãnh,Everyday objects and archive photographs of comrade Cao Hồng Lãnh,,,,,,
destinations.json,[15].highlights[1],,ok,Cổ vật của gia đình Đức An,Antiques of the Đức An family,,,,,,
destinations.json,[15].highlights[2],,ok,Phần nào hoạt động của nhóm Tam Quảng,Something of the work of the Tam Quảng group,,,,,,
destinations.json,[16].name,,ok,Nhà cổ Tấn Ký,Tan Ky Old House,,,,,,
destinations.json,[16].address,1,ok,101 Nguyễn Thái Học,101 Nguyễn Thái Học,,,,,,
destinations.json,[16].hours,1,ok,8:30 - 18:00,8:30 - 18:00,,,,,,
destinations.json,[16].description,,ok,Nhà cổ Tấn Ký không chỉ đẹp ở kiến trúc mà còn giống như một bảo tàng thu nhỏ với vô vàn cổ vật thú vị,"Tấn Ký house is not only beautiful architecture — it is a museum in miniature, full of curious antiques.",,,,,,
destinations.json,[16].quizBank[0].question,,ok,Chiếc ghe bầu này được sử dụng khi di chuyển ở vùng nước nào?,In which waters was this ghe bầu boat used?,,,,,,
destinations.json,[16].quizBank[0].options[0],,ok,Vịnh,In the bay,,,,,,
destinations.json,[16].quizBank[0].options[1],,ok,Biển,At sea,,,,,,
destinations.json,[16].quizBank[0].options[2],,ok,Sông,On the river,,,,,,
destinations.json,[16].quizBank[0].explain,,ok,"Ghe bầu là loại thương thuyền (thuyền buôn) gỗ cỡ lớn truyền thống từng đóng vai trò huyết mạch trong ngành hàng hải và giao thương ven biển Việt Nam từ thế kỷ 16 đến nửa đầu thế kỷ 20. Thuyền có phần thân phình to ở giữa giống hình quả bầu, mạn cao, đáy bằng hoặc hơi khum, giúp chịu được sóng gió lớn ngoài khơi.","The ghe bầu was a large traditional wooden trading boat, the lifeline of Vietnamese seafaring and coastal trade from the 16th century to the first half of the 20th. Its hull bulges in the middle like a gourd, with high sides and a flat or slightly curved bottom, so it can take heavy wind and waves offshore.",,,,,,
destinations.json,[16].quizBank[1].question,,ok,Hiệu Tấn Ký từng buôn bán những mặt hàng nào?,What goods did the Tấn Ký shop trade in?,,,,,,
destinations.json,[16].quizBank[1].options[0],,ok,Y phục,Clothing,,,,,,
destinations.json,[16].quizBank[1].options[1],,ok,Sách báo,Books and papers,,,,,,
destinations.json,[16].quizBank[1].options[2],,ok,Nông sản,Farm produce,,,,,,
destinations.json,[16].quizBank[1].explain,,ok,"Nhà cổ Tấn Ký được xây dựng vào năm 1741 bởi ông Lê Công, một thương nhân gốc Hoa di cư đến Hội An. Ông Lê Công ban đầu kinh doanh hàng nông sản từ miền cao về phố cảng.","Tấn Ký house was built in 1741 by Mr Lê Công, a merchant of Chinese descent who settled in Hội An. He began by trading farm produce brought down from the highlands to the port.",,,,,,
destinations.json,[16].quizBank[2].question,,ok,Chiếc cốc này gửi gắm triết lý gì?,What philosophy does this cup hold?,,,,,,
destinations.json,[16].quizBank[2].options[0],,ok,Biết đủ,Knowing when you have enough,,,,,,
destinations.json,[16].quizBank[2].options[1],,ok,Nghĩa khí,Righteousness,,,,,,
destinations.json,[16].quizBank[2].options[2],,ok,Khiêm tốn,Modesty,,,,,,
destinations.json,[16].quizBank[2].explain,,ok,"Chiếc cốc hoạt động dựa trên nguyên lý bình thông nhau và hiệu ứng xifong (siphoning). Ở giữa cốc có một cột nhỏ che giấu một đường ống cong (ống chữ U ngược). Nếu rót quá đầy (vượt quá đỉnh của ống ngầm bên trong), toàn bộ nước trong cốc sẽ tự động chảy sạch qua lỗ nhỏ ở đáy cốc.",The cup works by connected vessels and the siphon effect. The small column in the middle hides a bent tube — an upside-down U. Pour past the top of that hidden tube and the whole cup drains itself out through a small hole in the base.,,,,,,
destinations.json,[16].short,,ok,“Bảo tàng sống” giữ gần như nguyên vẹn kiến trúc đặc trưng nhà cổ Hội An xưa.,A “living museum” that keeps the architecture of an old Hội An house almost untouched.,,,,,,
destinations.json,[16].highlights[0],,ok,Chén Khổng Tử từ Phước Kiến,The Confucius cup from Fujian,,,,,,
destinations.json,[16].highlights[1],,ok,Nội thất gỗ được chạm cầu kỳ,Elaborately carved wooden interiors,,,,,,
destinations.json,[16].highlights[2],,ok,Tính nguyên vẹn của kiến trúc xưa,Old architecture kept whole,,,,,,
destinations.json,[17].name,,ok,Hội quán Quảng Triệu,Cantonese Assembly Hall,,,,,,
destinations.json,[17].address,1,ok,176 Trần Phú,176 Trần Phú,,,,,,
destinations.json,[17].hours,1,ok,8:00 - 17:00,8:00 - 17:00,,,,,,
destinations.json,[17].description,,ok,"Dưới những nếp mái vuông vức là không gian trang nghiêm, được trang trí bằng vô số cổ điển Trung Hoa","Under square-cut roofs lies a solemn space, decorated with countless Chinese classical scenes.",,,,,,
destinations.json,[17].quizBank[0].question,,ok,Ba người này đang ở đâu?,Where are these three men?,,,,,,
destinations.json,[17].quizBank[0].options[0],,ok,Vườn trúc,A bamboo garden,,,,,,
destinations.json,[17].quizBank[0].options[1],,ok,Núi tùng,A pine mountain,,,,,,
destinations.json,[17].quizBank[0].options[2],,ok,Vườn đào,A peach garden,,,,,,
destinations.json,[17].quizBank[0].explain,,ok,"Bức tranh vẽ cảnh kết nghĩa vườn đào của ba anh em Lưu Bị, Quan Vũ và Trương Phi với lời thề ""Tuy không sinh cùng ngày cùng tháng cùng năm, nhưng nguyện chết cùng ngày cùng tháng cùng năm"", nguyện dốc sức vì nước, cứu dân an đời.","The painting shows the peach-garden oath of Liu Bei, Quan Vũ and Zhang Fei: “Though not born on the same day, month and year, we wish to die on the same day, month and year,” pledging themselves to the country and its people.",,,,,,
destinations.json,[17].quizBank[1].question,,ok,"Trong ba nhân vật, ai là Quan Vũ?","Of the three figures, which is Quan Vũ?",,,,,,
destinations.json,[17].quizBank[1].options[0],,ok,Người có mặt đỏ,The one with the red face,,,,,,
destinations.json,[17].quizBank[1].options[1],,ok,Người ở giữa có tai to,The one in the middle with big ears,,,,,,
destinations.json,[17].quizBank[1].options[2],,ok,Người có mặt đen,The one with the black face,,,,,,
destinations.json,[17].quizBank[1].explain,,ok,"Trong truyện Tam Quốc có 2 câu đối nhắc tới sắc đỏ gắn liền với Quan Vũ: “Xích diện bỉnh xích tâm, kỵ Xích Thố truy phong, trì khu thời vô vong Xích Đế / Thanh đăng quan thanh sử, trượng thanh long yển nguyệt, ẩn vi xứ bất uý thanh thiên”. Theo bản dịch của Phan Kế Bính: “Bộ mặt đỏ giữ tấm lòng đỏ, cưỡi ngựa Thỏ Đỏ truy phong, lúc ruổi rong không quên nhớ Vua Đỏ / Ngọn đèn xanh xem bộ sử xanh, cầm đao yển nguyệt rồng xanh, nơi kín đáo chẳng thẹn với trời xanh.”","The Three Kingdoms novel carries two couplets on the red that belongs to Quan Vũ: “Xích diện bỉnh xích tâm, kỵ Xích Thố truy phong, trì khu thời vô vong Xích Đế / Thanh đăng quan thanh sử, trượng thanh long yển nguyệt, ẩn vi xứ bất uý thanh thiên”. In Phan Kế Bính's translation: a red face keeping a red heart, riding Red Hare that chases the wind, never on the road forgetting the Red Emperor; by a green lamp reading the green annals, holding the green-dragon crescent blade, even unseen with nothing to be ashamed of before the green heavens.",,,,,,
destinations.json,[17].quizBank[2].question,,ok,Nhân vật nữ này đang bưng thức quả gì?,What fruit is this female figure carrying?,,,,,,
destinations.json,[17].quizBank[2].options[0],,ok,Quả hồng,Persimmons,,,,,,
destinations.json,[17].quizBank[2].options[1],,ok,Quả đào,Peaches,,,,,,
destinations.json,[17].quizBank[2].options[2],,ok,Quả phật thủ,Buddha's-hand citron,,,,,,
destinations.json,[17].quizBank[2].explain,,ok,Bức tranh “Ma Cô hiến thọ” vẽ lại cảnh tiên nữ Ma Cô mang đào tiên chúc thọ Tây Vương Mẫu. Đây chính là hình ảnh trang trí quen thuộc trên những chiếc đĩa cô tiên. Trong bức tranh ở Hội quán Quảng Triệu còn xuất hiện mô-típ tùng và hạc.,“Ma Cô offers longevity” shows the fairy Ma Cô bringing immortal peaches to wish the Queen Mother of the West long life — the familiar scene on “fairy plates”. The version here also carries the pine-and-crane motif.,,,,,,
destinations.json,[17].short,,ok,"Từng là nơi hội họp của các thương nhân Quảng Đông, một hội quán uy nghi, bề thế, và mực thước trong kể chuyện.","Once the meeting house of the Cantonese merchants — stately, imposing, and measured in the stories it tells.",,,,,,
destinations.json,[17].highlights[0],,ok,Tác phẩm “ngư long hý thuỷ”,The “fish and dragon playing in water” piece,,,,,,
destinations.json,[17].highlights[1],,ok,Các bức tranh minh hoạ tích truyện Quan Công,Paintings of the Quan Công legends,,,,,,
destinations.json,[17].highlights[2],,ok,Các chi tiết hoa trái mang tính biểu tượng,Symbolic flower and fruit details,,,,,,
destinations.json,[18].name,,ok,Hội quán Phúc Kiến,Fujian Assembly Hall,,,,,,
destinations.json,[18].address,1,ok,46 Trần Phú,46 Trần Phú,,,,,,
destinations.json,[18].hours,1,ok,7:00 - 18:00,7:00 - 18:00,,,,,,
destinations.json,[18].description,,ok,"Hội quán tráng lệ nhất phố Hội, với những chi tiết trang trí tinh xảo, tái hiện hải trình của những thương nhân Phước Kiến cùng lòng thành kính với Thiên Hậu Thánh Mẫu.","The most splendid assembly hall in Hội An, its fine decoration retelling the sea voyages of the Fujian merchants and their devotion to Thiên Hậu, the Holy Mother of the Sea.",,,,,,
destinations.json,[18].quizBank[0].question,,ok,Hình ảnh nào dưới đây là mái của Hội quán Phước Kiến?,Which of these pictures shows the roof of the Fujian Assembly Hall?,,,,,,
destinations.json,[18].quizBank[0].options[0],,ok,Ảnh 1,Picture 1,,,,,,
destinations.json,[18].quizBank[0].options[1],,ok,Ảnh 3,Picture 3,,,,,,
destinations.json,[18].quizBank[0].options[2],,ok,Ảnh 2,Picture 2,,,,,,
destinations.json,[18].quizBank[0].explain,,ok,"Khác với kiểu nóc mái thẳng tắp của Quảng Đông, kiến trúc mái đặc trưng của vùng Phúc Kiến có bờ nóc võng xuống như con thuyền đang cưỡi sóng. Phần trang trí cũng công phu hơn so với các hội quán khác.","Unlike the straight ridge of Cantonese roofs, the Fujian roof dips in the middle like a boat riding a wave. Its ornament is also more elaborate than that of the other assembly halls.",,,,,,
destinations.json,[18].quizBank[1].question,,ok,Tại sao Hội quán Phước Kiến và nhiều hội quán khác của người Hoa lại thờ bà Thiên Hậu? Gợi ý: Hãy quan sát những bức tranh và mô hình trong hội quán,Why do the Fujian hall and many other Chinese assembly halls worship Thiên Hậu? Hint: look at the paintings and the model inside the hall,,,,,,
destinations.json,[18].quizBank[1].options[0],,ok,Để tưởng nhớ công dẹp giặc,To honour her for defeating invaders,,,,,,
destinations.json,[18].quizBank[1].options[1],,ok,Để cầu bình an khi đi biển,For safety at sea,,,,,,
destinations.json,[18].quizBank[1].options[2],,ok,Để cầu tài lộc,For wealth,,,,,,
destinations.json,[18].quizBank[1].explain,,ok,"Ngay sau khi bước vào tiền điện, du khách sẽ thấy ở phía tường Đông là bích họa Thiên Hậu Thánh Mẫu cùng đệ tử cầm đèn lồng vượt sóng gió đến cứu người bị nạn và ở phía tường Tây là bích họa Lục Tánh Vương Gia cưỡi ngựa xung trận. Bên trong chính điện có mô hình thương thuyền được trang trí kỳ công với một gian thờ Thiên Hậu trên thuyền.","Just inside the front hall, the east wall mural shows Thiên Hậu and her attendants carrying lanterns through the storm to rescue the shipwrecked; the west wall shows the Six Princes riding into battle. In the main hall stands an elaborately decorated model merchant ship with a shrine to Thiên Hậu on board.",,,,,,
destinations.json,[18].quizBank[2].question,,ok,Hai vị thần được thờ phụng trong chính điện cùng Bà Thiên Hậu là ai?,Which two deities are worshipped in the main hall alongside Thiên Hậu?,,,,,,
destinations.json,[18].quizBank[2].options[0],,ok,Thanh Long - Bạch Hổ,Azure Dragon and White Tiger,,,,,,
destinations.json,[18].quizBank[2].options[1],,ok,Thần Đồ - Uất Lũy,Shentu and Yulei,,,,,,
destinations.json,[18].quizBank[2].options[2],,ok,Thiên Lý Nhãn - Thuận Phong Nhĩ,Thousand-League Eyes and Wind-Following Ears,,,,,,
destinations.json,[18].quizBank[2].explain,,ok,"Hai vị thần phò tá Thiên Hậu Thánh Mẫu là Thiên Lý Nhãn và Thuận Phong Nhĩ. Thiên Lý Nhãn có thể nhìn thấy mọi việc ở khoảng cách rất xa, giúp Bà phát hiện tàu thuyền gặp nạn trên biển, còn Thuận Phong Nhĩ có thể nghe được tiếng kêu cứu từ muôn nơi theo chiều gió.","Her two attendants are Thousand-League Eyes, who sees ships in distress from afar, and Wind-Following Ears, who hears cries for help carried on the wind from anywhere.",,,,,,
destinations.json,[18].quizBank[3].question,,ok,Những đôi giày trong tủ kính dành cho ai?,Who were the shoes in the glass case made for?,,,,,,
destinations.json,[18].quizBank[3].options[0],,ok,Những người phụ nữ bó chân gót sen,Women with bound “lotus” feet,,,,,,
destinations.json,[18].quizBank[3].options[1],,ok,Tượng thờ các vị thần,The statues of the gods,,,,,,
destinations.json,[18].quizBank[3].options[2],,ok,Vũ công múa thủy tụ,Water-sleeve dancers,,,,,,
destinations.json,[18].quizBank[3].explain,,ok,"Tủ kính trưng bày các vật dụng của người Hoa xưa. Những đôi giày trong tủ được dùng khi bó chân gót sen. Tập tục này bắt đầu từ thời nhà Tống, được coi là biểu tượng của cái đẹp và địa vị. Đến thời nhà Thanh, tuy lệnh cấm được ban hành, song ít người tuân thủ. Đến thế kỷ XIX, có khoảng một nửa phụ nữ Trung Hoa thực hành bó chân.","The case holds everyday objects of the old Chinese community. The shoes were worn on bound “lotus” feet, a custom begun in the Song dynasty as a mark of beauty and status. The Qing banned it with little effect; by the 19th century roughly half of Chinese women had bound feet.",,,,,,
destinations.json,[18].quizBank[4].question,,ok,Bức tranh vẽ những đứa trẻ này được tìm thấy ở đâu?,Where is this painting of children found?,,,,,,
destinations.json,[18].quizBank[4].options[0],,ok,Nhà Đông,The east house,,,,,,
destinations.json,[18].quizBank[4].options[1],,ok,Án thờ 3 bà Chúa Sanh thai và 12 bà mụ,The altar of the three Birth Goddesses and twelve midwives,,,,,,
destinations.json,[18].quizBank[4].options[2],,ok,Án thờ Lục Tánh vương gia,The altar of the Six Princes,,,,,,
destinations.json,[18].quizBank[4].explain,,ok,"Ba bà Chúa Sanh thai (Tam Tiêu Nương Nương) và 12 bà mụ lo việc tạo hình hài, ban phước, bảo trợ cho việc cầu tự (cầu con), thai kỳ bình an và mẹ tròn con vuông. Tượng 12 bà mụ thường khắc họa các vị trong các động tác chăm sóc, bồng bế trẻ thơ khác nhau.","The three Birth Goddesses and twelve midwives shape the unborn, grant blessings and watch over prayers for children, a safe pregnancy and a safe birth. The twelve are usually shown tending and cradling infants in different poses.",,,,,,
destinations.json,[18].short,,ok,Hội quán tráng lệ nhất với những chi tiết trang trí tinh xảo làm từ gốm sứ và nhiều chất liệu khác.,"The most splendid assembly hall, with exquisite decoration in ceramic and many other materials.",,,,,,
destinations.json,[18].highlights[0],,ok,Cổng tam quan uy nghi,The imposing three-arched gate,,,,,,
destinations.json,[18].highlights[1],,ok,Mô hình thương thuyền vượt biển sống động,A vivid model of an ocean-going merchant ship,,,,,,
destinations.json,[18].highlights[2],,ok,"Hoành phi và liễn đối do Ngô Lỗ, Trạng nguyên cuối cùng của lịch sử Tuyền Châu (Phước Kiến), cúng vào năm 1897","Boards and couplets donated in 1897 by Ngô Lỗ, the last top laureate in the history of Quanzhou (Fujian)",,,,,,
destinations.json,[19].name,,ok,Hội quán Hải Nam,Hainan Assembly Hall,,,,,,
destinations.json,[19].address,1,ok,10 Trần Phú,10 Trần Phú,,,,,,
destinations.json,[19].hours,1,ok,9:00 - 21:00,9:00 - 21:00,,,,,,
destinations.json,[19].description,,ok,"Sinh sau đẻ muộn và hiếm khi được ngợi ca là tráng lệ hay lộng lẫy, Hội quán Hải Nam như một cuốn sử phong phú khiến người ta ngỡ ngàng một khi bước vào trong.","A latecomer rarely praised as splendid, the Hainan hall is a rich history book that surprises anyone who steps inside.",,,,,,
destinations.json,[19].quizBank[0].question,,ok,"Trong hai con lân này, con nào là lân đực và con nào là lân cái?","Of these two lions, which is male and which is female?",,,,,,
destinations.json,[19].quizBank[0].options[0],,ok,Cả A và B đều là lân đực,Both A and B are male,,,,,,
destinations.json,[19].quizBank[0].options[1],,ok,"A là lân cái, B là lân đực","A is female, B is male",,,,,,
destinations.json,[19].quizBank[0].options[2],,ok,"A là lân đực, B là lân cái","A is male, B is female",,,,,,
destinations.json,[19].quizBank[0].explain,,ok,"Thông thường, lân đực được khắc họa trong tư thế “lân hí cầu” với quả cầu tượng trưng cho mặt trời dưới chân, còn lân cái trong tư thế ""lân giáo tử"", dùng chân trước ôm ngang lưng con lân con. Tượng lân cũng được sắp đặt theo nguyên tắc “nam tả nữ hữu”, trong đó lân cái nằm ở phía tay phải nhìn từ trong chính điện ra. Bức tường phía ngoài hội quán cũng có hai bức phù điêu lân mang bát bảo và kỳ mang ám bát tiên.","The male lion is usually shown with a ball under its paw, standing for the sun, while the female holds a cub against her side with a foreleg. The pair also follows the rule of “male left, female right”, so the female sits on the right as seen looking out from the main hall. The outer wall of the hall also carries two reliefs: a lion with the eight treasures and a qilin with the hidden emblems of the Eight Immortals.",,,,,,
destinations.json,[19].quizBank[1].question,,ok,Tại sao Hội quán Hải Nam lại thờ 108 vị Chiêu Ứng Công?,Why does the Hainan hall worship the 108 Chiêu Ứng Công?,,,,,,
destinations.json,[19].quizBank[1].options[0],,ok,Tưởng nhớ oai linh 108 vị anh hùng Lương Sơn Bạc đứng lên chống lại cái ác,To honour the 108 heroes of Liangshan who rose against evil,,,,,,
destinations.json,[19].quizBank[1].options[1],,ok,Tưởng nhớ công ơn 108 tiền hiền đã đặt nền móng cho sự phát triển của bang Hải Nam,To honour the 108 forebears who laid the foundations of the Hainan community,,,,,,
destinations.json,[19].quizBank[1].options[2],,ok,Tưởng nhớ vong linh 108 vị thương buôn chết oan đã hiển linh phù hộ thuyền bè trên biển,To honour the 108 merchants who died unjustly and then appeared to protect boats at sea,,,,,,
destinations.json,[19].quizBank[1].explain,,ok,"Mùa hạ năm 1851, 108 thương buôn người Hải Nam đã bị một số quan binh triều Nguyễn sát hại vì coi là cướp biển. Vua Tự Đức khi biết chuyện đã minh oan và sắc phong cho các vị là Chiêu Ứng Anh Liệt. Cặp liễn đối hai bên hương án chính có nghĩa: Khí khái tụ thành thần, theo dấu anh linh do oan trái; Đức độ xây nên miếu, thương kẻ đồng hương ở chốn xa.","In the summer of 1851, 108 Hainanese merchants were killed by Nguyễn troops who took them for pirates. Emperor Tự Đức cleared their names and titled them Chiêu Ứng Anh Liệt. The couplet flanking the main altar reads: their spirit gathered into divinity, following the trace of a wrong; virtue built this shrine, in pity for countrymen far from home.",,,,,,
destinations.json,[19].quizBank[2].question,,ok,"Bao lam (cửa võng, rèm gỗ) ở cửa chính điện có đề tài gì?",What is the theme of the carved wooden valance at the main hall door?,,,,,,
destinations.json,[19].quizBank[2].options[0],,ok,Tùng thử bồ đào (sóc và dây nho),Squirrels and grapevines,,,,,,
destinations.json,[19].quizBank[2].options[1],,ok,Hoa - điểu (hoa và chim muông),Flowers and birds,,,,,,
destinations.json,[19].quizBank[2].options[2],,ok,Tùng - hạc,Pine and crane,,,,,,
destinations.json,[19].quizBank[2].explain,,ok,"Tùng Thử Bồ Đào (松鼠葡萄) là đề tài kinh điển biểu trưng cho phú quý – sung túc – vạn sự hưng long. Hình ảnh sóc trèo nho thể hiện sự sinh sôi – đông con cháu, là lời chúc cát tường cho gia đạo thịnh vượng.","Squirrels and grapes (松鼠葡萄) is a classic motif of wealth, abundance and flourishing. Squirrels climbing the vine stand for fertility and many descendants — a blessing for a prosperous household.",,,,,,
destinations.json,[19].short,,ok,"Hội quán giản dị song lại mang những chi tiết độc nhất, chứa đựng bề dày văn hoá Trung Hoa.",A modest hall that holds unique details and a deep layer of Chinese culture.,,,,,,
destinations.json,[19].highlights[0],,ok,Khúc bi hùng ca của 108 vị Chiêu Ứng Công,The tragic epic of the 108 Chiêu Ứng Công,,,,,,
destinations.json,[19].highlights[1],,ok,"Hương án chính thếp vàng, được chạm lộng tinh vi với nhiều đề tài văn hoá","The gilded main altar, finely pierce-carved with cultural motifs",,,,,,
destinations.json,[19].highlights[2],,ok,Bộ cửa vẽ lại điển tích “Nhị thập tứ hiếu”,Doors painted with the “Twenty-four Filial Exemplars”,,,,,,
destinations.json,[19].highlights[3],,ok,Kiến trúc song mái độc nhất tại Hội An,The only double-roof structure in Hội An,,,,,,
destinations.json,[20].name,,ok,Hội quán Triều Châu,Teochew Assembly Hall,,,,,,
destinations.json,[20].address,1,ok,362 Nguyễn Duy Hiệu,362 Nguyễn Duy Hiệu,,,,,,
destinations.json,[20].hours,1,ok,8:00 - 17:00,8:00 - 17:00,,,,,,
destinations.json,[20].description,,ok,"Hội quán Triều Châu sinh động với các chi tiết chạm gỗ trứ danh của người Tiều. Đề tài trang trí phong phú, tạo hình sáng tạo.","The Teochew hall is alive with the renowned wood carving of the Teochew people — rich themes, inventive forms.",,,,,,
destinations.json,[20].quizBank[0].question,,ok,Bạn có thể đi tìm chú ngựa này không? Người bạn của chú có bộ lông màu gì?,Can you find this horse? What colour is its companion's coat?,,,,,,
destinations.json,[20].quizBank[0].options[0],,ok,Trắng,White,,,,,,
destinations.json,[20].quizBank[0].options[1],,ok,Đen,Black,,,,,,
destinations.json,[20].quizBank[0].options[2],,ok,Nâu,Brown,,,,,,
destinations.json,[20].quizBank[1].question,,ok,Hình ảnh này là đặc trưng của mùa nào?,Which season does this image stand for?,,,,,,
destinations.json,[20].quizBank[1].options[0],,ok,Hạ,Summer,,,,,,
destinations.json,[20].quizBank[1].options[1],,ok,Thu,Autumn,,,,,,
destinations.json,[20].quizBank[1].options[2],,ok,Xuân,Spring,,,,,,
destinations.json,[20].quizBank[1].explain,,ok,"Ở Trung Quốc, tứ quý danh hoa là ""Xuân Lan - Hạ Hà - Thu Cúc - Đông Mai"". Trong đó ""Lan"" là lan kiếm, ""Hà"" là sen, ""Cúc"" vẫn là cúc, còn ""Mai"" là mơ.","In China the four noble flowers of the seasons are “spring orchid, summer lotus, autumn chrysanthemum, winter plum”. Here “orchid” is the sword-leaf orchid, “lotus” is the lotus, chrysanthemum is chrysanthemum, and “plum” is the apricot-plum blossom.",,,,,,
destinations.json,[20].quizBank[2].question,,ok,Trên phần mái tiền điện có những đề tài trang trí gì?,What decorative themes are on the front-hall roof?,,,,,,
destinations.json,[20].quizBank[2].options[0],,ok,"Lưỡng long tranh bình hồ lô, ông Nhật - bà Nguyệt, các linh thú","Two dragons contesting a gourd, Sun and Moon, sacred beasts",,,,,,
destinations.json,[20].quizBank[2].options[1],,ok,"Lưỡng long triều dương, cá chép vượt long môn, bát tiên quá hải","Two dragons facing the sun, carp leaping the dragon gate, the Eight Immortals crossing the sea",,,,,,
destinations.json,[20].quizBank[2].options[2],,ok,"Lưỡng long tranh châu, lục quốc phong tướng","Two dragons contesting a pearl, the six states appointing a general",,,,,,
destinations.json,[20].quizBank[2].explain,,ok,"Bên cạnh các đồ án lưỡng long hay cá chép vượt long môn, đồ án bát tiên quá hải cũng rất được ưa chuộng trong các kiến trúc của người Hoa. Bát tiên quá hải (tám vị tiên vượt biển) kể về hành trình 8 vị tiên dùng phép thuật và pháp bảo để vượt qua đại dương. Tất cả những pháp khí mà 8 vị tiên sử dụng gọi chung là Ám bát tiên, cũng là một đề tài trang trí phổ biến. Bảo vật ngư cổ của Trương Quả Lão nói về mạng sống của con người. Lã Động Tân mang bảo kiếm có thể ngăn cản tà ma. Cây sáo của Hàn Tương Tử có thể khiến vạn vật sinh sôi và nảy nở. Hà Tiên Cô có hoa sen có thể tu thân dưỡng tính. Hồ lô của Thiết Quản Lý có thể cứu giúp chúng sanh. Quạt của Hán Chung Ly có thể làm hồi sinh. Tấm ngọc của Tào Quốc Cửu có thể làm mọi vật trở nên trong sạch. Giỏ của Lam Thái Hòa có thể quảng thông thần minh.","Besides the paired dragons and the carp leaping the dragon gate, the Eight Immortals crossing the sea is a favourite subject in Chinese architecture. It tells of the eight immortals using their magic and their treasures to cross the ocean. Those implements together are called the hidden emblems of the Eight Immortals, itself a common ornamental theme. Trương Quả Lão's fish-drum speaks of human life. Lã Động Tân's sword can stop evil spirits. Hàn Tương Tử's flute makes all things grow and flourish. Hà Tiên Cô's lotus cultivates body and mind. Thiết Quản Lý's gourd can save all beings. Hán Chung Ly's fan can bring the dead back to life. Tào Quốc Cửu's jade tablet can make all things pure. Lam Thái Hòa's basket opens the way to the gods.",,,,,,
destinations.json,[20].short,,ok,Hội quán rực rỡ nhất với các họa tiết trang trí gỗ phức tạp có tạo hình phong phú trong tầm mắt.,"The most dazzling of the halls, with intricate wood carving in rich figures wherever you look.",,,,,,
destinations.json,[20].highlights[0],,ok,Trang trí khác nhau ở hai bên vì kèo,Different decoration on the two sides of the roof trusses,,,,,,
destinations.json,[20].highlights[1],,ok,Khám thờ và bao lam chạm nhiều điển tích,Shrine and valances carved with many classical tales,,,,,,
destinations.json,[20].highlights[2],,ok,Hệ cửa chạm gỗ và vẽ kính sáng tạo,Inventive carved doors and reverse-glass painting,,,,,,
destinations.json,[21].name,,ok,Đình Cẩm Phô,Cam Pho Communal House,,,,,,
destinations.json,[21].address,1,ok,52 Nguyễn Thị Minh Khai,52 Nguyễn Thị Minh Khai,,,,,,
destinations.json,[21].hours,1,ok,8:00 - 21:00,8:00 - 21:00,,,,,,
destinations.json,[21].description,,ok,"Đình Cẩm Phô là nơi ghi dấu rõ nhất tinh thần cởi mở và chan hoà của thương cảng này. Liễn đối trước Hương Hiền tự ghi: “Lễ nhạc uy nghi kính như thần tại. Âu ca cổ vũ lạc tại nhân hòa”, có nghĩa: Lễ nghi và âm nhạc uy nghiêm, lòng thành kính như thần linh đang hiện diện. Hát ca và múa trống tưng bừng, niềm vui thực sự nằm ở sự hòa hợp của lòng người.","Đình Cẩm Phô shows most clearly the openness and warmth of this trading port. The couplet before the Hương Hiền shrine reads: “Lễ nhạc uy nghi kính như thần tại. Âu ca cổ vũ lạc tại nhân hòa” — rites and music in solemn dignity, reverence as though the gods were present; songs and drums in celebration, the true joy lying in harmony between people.",,,,,,
destinations.json,[21].quizBank[0].question,,ok,Mái của phương đình được trang trí với bao nhiêu con phượng?,How many phoenixes decorate the roof of the square pavilion?,,,,,,
destinations.json,[21].quizBank[0].options[0],,ok,9 con,9,,,,,,
destinations.json,[21].quizBank[0].options[1],,ok,10 con,10,,,,,,
destinations.json,[21].quizBank[0].options[2],,ok,8 con,8,,,,,,
destinations.json,[21].quizBank[0].explain,,ok,"Đình có một hệ thống các con giống được tạo hình rất sinh động và độc đáo trang trí cho các bộ phận kiến trúc. Nổi bật là 9 hình chim phượng trên phương đình. Trong phong thuỷ, phượng gắn liền với hành Hỏa, mùa hạ và hướng Nam, mang lại may mắn, cát khí và cơ hội phát triển. Cơ thể của phượng đại diện cho 5 phẩm chất cao quý gồm: đức hạnh (ngay thẳng), lòng nhân đạo (lương thiện), sự công bằng, tính đáng tin (chung thủy) và sự khoan đại.","The communal house carries a whole set of ornamental creatures, shaped with unusual life and character, across its architecture. The nine phoenixes on the square pavilion stand out. In geomancy the phoenix belongs to Fire, to summer and to the south, bringing luck, good fortune and room to grow. Its body stands for five noble qualities: virtue (uprightness), humanity (kindness), justice, trustworthiness (fidelity) and generosity.",,,,,,
destinations.json,[21].quizBank[1].question,,ok,Tại sao Đình Cẩm Phô lại có tên Cẩm Phô Hương Hiền?,Why is Đình Cẩm Phô also called Cẩm Phô Hương Hiền?,,,,,,
destinations.json,[21].quizBank[1].options[0],,ok,Đình lưu giữ các ký ức từ xa xưa,It keeps memories from long ago,,,,,,
destinations.json,[21].quizBank[1].options[1],,ok,"Đình có thờ các vị tiền hiền, hậu hiền làng Cẩm Phô",It worships the earlier and later worthies of Cẩm Phô village,,,,,,
destinations.json,[21].quizBank[1].options[2],,ok,Đình là nơi tổ chức sinh hoạt văn hoá truyền thống,It hosts traditional cultural activities,,,,,,
destinations.json,[21].quizBank[1].explain,,ok,"Đình trước đây thờ bà Đại Càn và các vị thần sông nước, về sau kết hợp thờ các vị tiền hiền và hậu hiền của làng Cẩm Phô. Trong đình là những hoành phi, liễn đối thể hiện đạo lý “uống nước nhớ nguồn” như “Ẩm hà tư nguyên” (phiên bản chữ Hán của “uống nước nhớ nguồn”) hay “Quang tiền dụ hậu” mang nghĩa: rạng rỡ đời trước, sung túc đời sau.","The house once worshipped the goddess Đại Càn and the river deities, and later added the earlier and later worthies of Cẩm Phô village. Inside hang boards and couplets on the duty of remembering one's source — “Ẩm hà tư nguyên” (drinking from the river, think of its source) and “Quang tiền dụ hậu” (bring glory to those before, plenty to those after).",,,,,,
destinations.json,[21].short,,ok,Kết tinh của các giá trị văn hoá Việt – sự cởi mở và chan hoà khiến cho cảng thị phồn vinh.,The crystallisation of Vietnamese values — the openness and warmth that made this port prosper.,,,,,,
destinations.json,[21].highlights[0],,ok,Các liễn đối truyền tải chiều sâu văn hoá Việt,Couplets that carry the depth of Vietnamese culture,,,,,,
destinations.json,[21].highlights[1],,ok,Các con giống trang trí trên phần mái,The ornamental creatures on the roof,,,,,,
destinations.json,[22].name,,ok,Tụy Tiên Đường Minh Hương,Minh Huong Communal House,,,,,,
destinations.json,[22].address,1,ok,14 Trần Phú,14 Trần Phú,,,,,,
destinations.json,[22].hours,1,ok,Liên hệ ban tổ chức,Check with organisers,,,,,,
destinations.json,[22].description,,ok,"Hai chữ Minh Hương (明香) vốn có nghĩa giữ gìn hương hỏa nhà Minh, sau đổi thành 明鄉 để chỉ làng của những người gốc nhà Minh. Tụy Tiên Đường là một di tích tiêu biểu của cộng đồng Minh Hương","The two words Minh Hương (明香) first meant keeping the incense of the Ming alive; they later became 明鄉, the village of people of Ming descent. Tụy Tiên Đường is the landmark monument of that Minh Hương community.",,,,,,
destinations.json,[22].quizBank[0].question,,ok,Con hạc này đang đứng trên lưng con vật nào?,On whose back is this crane standing?,,,,,,
destinations.json,[22].quizBank[0].options[0],,ok,Cá,A fish,,,,,,
destinations.json,[22].quizBank[0].options[1],,ok,Rùa,A tortoise,,,,,,
destinations.json,[22].quizBank[0].options[2],,ok,Cua,A crab,,,,,,
destinations.json,[22].quizBank[0].explain,,ok,"Rùa đội hạc là một biểu tượng văn hóa và tâm linh quen thuộc trong các ngôi đình, chùa và trên bàn thờ gia tiên của người Việt. Nhiều di tích của người Minh Hương có biểu tượng này từ xưa, bởi lẽ người Minh Hương từ cộng đồng người Hoa di trú đã hội nhập vào xã hội và văn hoá Việt Nam và trở thành những người Việt thực thụ.","The crane on a tortoise is a familiar cultural and spiritual symbol in Vietnamese communal houses, pagodas and family altars. Many Minh Hương monuments have carried it for a long time, because the Minh Hương — Chinese migrants — merged into Vietnamese society and culture and became fully Vietnamese.",,,,,,
destinations.json,[22].quizBank[1].question,,ok,Con vật này đang mang gì trên lưng?,What is this creature carrying on its back?,,,,,,
destinations.json,[22].quizBank[1].options[0],,ok,Những cuộn dây,Rolls of rope,,,,,,
destinations.json,[22].quizBank[1].options[1],,ok,Thuốc thang,Medicine,,,,,,
destinations.json,[22].quizBank[1].options[2],,ok,Những cuốn thư,Scrolls,,,,,,
destinations.json,[22].quizBank[1].explain,,ok,"Hình trên cửa là một cách điệu của hình tượng Long mã Hà đồ. Truyền thuyết kể rằng, Long Mã xuất hiện trên sông Hoàng Hà, dưới thời Phục Hy, mình xanh, vằn đỏ, trên lưng có mang bức Hà đồ, hay Mã đồ, là sách trời ban cho vua để trị nước.","The figure on the door is a stylised Long Mã carrying the River Chart. Legend tells that the dragon-horse appeared on the Yellow River in the time of Phục Hy, blue-bodied with red stripes, bearing on its back the Hà đồ — the chart sent by heaven for the king to rule the land.",,,,,,
destinations.json,[22].quizBank[2].question,,ok,Nơi này thờ phụng ai?,Who is worshipped here?,,,,,,
destinations.json,[22].quizBank[2].options[0],,ok,Những người có công với làng Minh Hương ở Hội An,Those who served the Minh Hương community of Hội An,,,,,,
destinations.json,[22].quizBank[2].options[1],,ok,Tướng Trần Thượng Xuyên và Dương Ngạn Địch,The generals Trần Thượng Xuyên and Dương Ngạn Địch,,,,,,
destinations.json,[22].quizBank[2].options[2],,ok,Phúc Đức chính thần,The tutelary god of fortune and virtue,,,,,,
destinations.json,[22].quizBank[2].explain,,ok,"Trong tên Tuỵ Tiên Đường, “tuỵ” có nghĩa là tụ họp, còn “tiên” là người xưa quá vãng. Văn bia tại đình có ghi: Khi xây dựng một làng tất phải nhớ công lao của tiền nhân. Người đời không thể quên đức tốt đã truyền lưu. Văn bia cũng giải thích rằng các vị được thờ nơi đây trước là cựu thần nhà Minh. Vận nhà Minh đã qua, lòng họ không nhận hai vua nên từ quan, đổi tên họ, lánh nạn đến đất phương nam, rồi họp người Tàu lại tại xứ nam, chọn chữ Minh để giữ quốc hiệu.","In the name Tuỵ Tiên Đường, “tuỵ” means to gather and “tiên” means those who came before and have passed away. The stele here records: in building a village one must remember the work of those who came first; the world cannot forget the good they handed down. It also explains that those worshipped here were formerly officials of the Ming. When the Ming fell, they would not serve two kings, so they left office, changed their names, took refuge in the south, gathered the Chinese there, and kept the character Minh to hold on to the name of their country.",,,,,,
destinations.json,[22].short,,ok,Mang đậm giá trị văn hóa của những người gốc Hoa mang thân phận người dân Đại Nam dưới triều Nguyễn,Carrying the culture of people of Chinese descent who lived as subjects of Đại Nam under the Nguyễn dynasty,,,,,,
destinations.json,[22].highlights[0],,ok,Kiến trúc gỗ được thực hiện bởi các nghệ nhân làng Kim Bồng,Woodwork by the artisans of Kim Bồng village,,,,,,
destinations.json,[22].highlights[1],,ok,Sự hòa trộn văn hóa Việt và Trung,A blending of Vietnamese and Chinese culture,,,,,,
destinations.json,[22].highlights[2],,ok,Câu chuyện của cộng đồng người Hoa đã Việt hoá.,The story of a Chinese community that became Vietnamese.,,,,,,
destinations.json,[23].name,,ok,Đình Hội An,Hoi An Communal House,,,,,,
destinations.json,[23].address,1,ok,27 Lê Lợi,27 Lê Lợi,,,,,,
destinations.json,[23].hours,1,ok,Liên hệ ban tổ chức,Check with organisers,,,,,,
destinations.json,[23].description,,ok,"Đình không chỉ gây ấn tượng thị giác mạnh mẽ mà còn là một trải nghiệm khám phá thú vị, đầy bất ngờ.",The communal house is not only a strong sight; it is a walk full of small discoveries and surprises.,,,,,,
destinations.json,[23].quizBank[0].question,,ok,Đình Hội An còn có tên gọi nào khác?,By what other name is Đình Hội An known?,,,,,,
destinations.json,[23].quizBank[0].options[0],,en=vi,Đình Voi Ré,Đình Voi Ré,,,,,,
destinations.json,[23].quizBank[0].options[1],,en=vi,Đình Voi Phục,Đình Voi Phục,,,,,,
destinations.json,[23].quizBank[0].options[2],,ok,Đình Ông Voi,Đình Ông Voi — the Elephant House,,,,,,
destinations.json,[23].quizBank[0].explain,,ok,"Tên gọi đình Ông Voi xuất phát từ cặp tượng voi quỳ phục đặt ở sân trước. Hai pho tượng có kích thước lớn, chạm khắc tinh xảo, khoác lễ phục với nhiều chi tiết trang trí. Hình tượng voi không chỉ gây ấn tượng thị giác mà còn gắn liền với biểu tượng sức mạnh, trí tuệ trong văn hóa - tín ngưỡng dân gian. Trong Phật giáo, voi cũng là một biểu tượng của sức mạnh tâm thức, gắn với nhiều điển tích.","The name “Elephant House” comes from the pair of kneeling elephant statues in the front yard. Both are large, finely carved and dressed in ceremonial cloth covered in ornament. The elephant is more than a strong image: in folk belief it stands for strength and wisdom, and in Buddhism for the power of the mind, in many well-known tales.",,,,,,
destinations.json,[23].quizBank[1].question,,ok,Đây là con vật gì?,What creature is this?,,,,,,
destinations.json,[23].quizBank[1].options[0],,ok,Long mã,A dragon-horse,,,,,,
destinations.json,[23].quizBank[1].options[1],,ok,Sư tử,A lion,,,,,,
destinations.json,[23].quizBank[1].options[2],,ok,Lân,A qilin,,,,,,
destinations.json,[23].quizBank[1].explain,,ok,"Hình trên bình phong là một cách điệu của hình tượng Long mã Hà đồ. Truyền thuyết kể rằng, Long Mã xuất hiện trên sông Hoàng Hà, dưới thời Phục Hy, mình xanh, vằn đỏ, trên lưng có mang bức Hà đồ, hay Mã đồ, là sách trời ban cho vua để trị nước.","The figure on the spirit screen is a stylised Long Mã carrying the River Chart. Legend tells that the dragon-horse appeared on the Yellow River in the time of Phục Hy, blue-bodied with red stripes, bearing on its back the Hà đồ — the chart sent by heaven for the king to rule the land.",,,,,,
destinations.json,[23].quizBank[2].question,,ok,Bạn đã lên ban thờ trên tầng hai chưa? Hãy đi tìm lối lên tầng. Trên mái nhà đối diện là hoạ tiết gì?,Have you been up to the altar on the first floor? Find the stairs. What is the motif on the roof opposite?,,,,,,
destinations.json,[23].quizBank[2].options[0],,ok,Cá và bình hồ lô,A fish and a gourd bottle,,,,,,
destinations.json,[23].quizBank[2].options[1],,ok,Rồng dây và mặt trời,A vine dragon and the sun,,,,,,
destinations.json,[23].quizBank[2].options[2],,ok,Rồng và bình hồ lô,A dragon and a gourd bottle,,,,,,
destinations.json,[23].short,,ok,"Tưởng không bất ngờ, nhưng bất ngờ không tưởng với đường đi lên hậu tẩm",You think nothing will surprise you — then you find the way up to the rear shrine,,,,,,
destinations.json,[23].highlights[0],,ok,Hình tượng trang trí ấn tượng ở sân trước,The striking ornamental figures in the front yard,,,,,,
destinations.json,[23].highlights[1],,ok,Hậu tẩm hai tầng độc đáo – view phố cổ có một không hai,A two-storey rear shrine — and a view over the old town you get nowhere else,,,,,,
destinations.json,[24].name,,ok,Điểm tham quan trình nghề Xí Mà,Xi Ma Craft Demonstration,,,,,,
destinations.json,[24].address,1,ok,45/17 đường Trần Hưng Đạo,45/17 đường Trần Hưng Đạo,,,,,,
destinations.json,[24].hours,1,ok,Liên hệ ban tổ chức,Check with organisers,,,,,,
destinations.json,[24].description,,ok,"Chè mè đen từng theo những gánh hàng rong đi khắp phố cổ từ sáng sớm. Ở điểm trình nghề, khách xem cách xay mè, nấu chè và nghe vì sao bát chè này vừa là món ăn vừa là thang thuốc.","Black sesame sweet soup used to travel the old town on shoulder poles from first light. At the demonstration house you watch the sesame ground and the soup cooked, and hear why the bowl is both a dish and a remedy.",,,,,,
destinations.json,[24].quizBank[0].question,,ok,Thành phần nào sau đây không có trong chè Xí Mà?,Which of these is not in xí mà sweet soup?,,,,,,
destinations.json,[24].quizBank[0].options[0],,ok,Thanh địa,Rehmannia root,,,,,,
destinations.json,[24].quizBank[0].options[1],,ok,Bột sắn,Cassava starch,,,,,,
destinations.json,[24].quizBank[0].options[2],,ok,Rau má,Pennywort,,,,,,
destinations.json,[24].quizBank[0].explain,,ok,"Nguyên liệu chủ yếu để làm xí mà chính là mè đen, ngoài ra còn có các loại: bột khoai, thanh địa, rau má, rau mơ, và đường, những thứ này toàn là những nguyên liệu sẵn có của địa phương, duy chỉ có thanh địa là một vị thuốc của Đông y (thuốc Bắc) phải mua ở tiệm thuốc.","The main ingredient of xí mà is black sesame, together with cassava starch, rehmannia root, pennywort, fish mint and sugar. All of these are local, except rehmannia root, a herb of Eastern medicine that has to be bought at a pharmacy.",,,,,,
destinations.json,[24].quizBank[1].question,,ok,Tên xí mà có nguồn gốc từ đâu?,Where does the name xí mà come from?,,,,,,
destinations.json,[24].quizBank[1].options[0],,ok,Phương ngữ miền Trung,A central Vietnamese dialect,,,,,,
destinations.json,[24].quizBank[1].options[1],,ok,Tiếng Nhật,Japanese,,,,,,
destinations.json,[24].quizBank[1].options[2],,ok,Tiếng Quảng Đông,Cantonese,,,,,,
destinations.json,[24].quizBank[1].explain,,ok,"Xí mà (đọc lệch từ ""chí mà phù"") là một từ có gốc từ tiếng Quảng Đông (Trung Quốc), dùng để chỉ món chè mè đen (súp mè đen xay nhuyễn). Chí mà có nghĩa là mè đen và phù có nghĩa là xay nhuyễn.","Xí mà — a slurring of “chí mà phù” — comes from Cantonese and names the black sesame sweet soup. Chí mà is black sesame, and phù means ground smooth.",,,,,,
destinations.json,[24].short,,ok,Cơ hội học nấu món chè đặc trưng của Hội An khi đi du lịch,A chance to learn to cook Hội An's own sweet soup while you travel,,,,,,
destinations.json,[24].highlights[0],,ok,Cách xay và nấu mè đen theo lối cũ,How the black sesame is ground and cooked the old way,,,,,,
destinations.json,[24].highlights[1],,ok,"Các vị đi cùng mè đen: thanh địa, rau má, rau mơ","What goes in with it: rehmannia root, pennywort, fish mint",,,,,,
destinations.json,[24].highlights[2],,ok,Tự tay nấu và nếm một bát chè nóng,"Cook a bowl yourself, and taste it hot",,,,,,
tours.json,[0].title,,ok,Vượt biển trèo non,"Across the sea, over the mountains",,,,,,
tours.json,[0].short,,ok,"Ba hội quán, một miếu và một bảo tàng gốm — dấu chân người Hoa vượt biển tới Hội An.","Three assembly halls, a temple and a ceramics museum — the trail of the Chinese who crossed the sea to Hội An.",,,,,,
tours.json,[0].description,,ok,"Tuyến đường này khám phá văn hoá của các thương nhân người Hoa đã vượt biển đến Hội An, đồng thời giới thiệu đặc trưng kiến trúc của các hội quán khác nhau của cộng đồng Hoa kiều. Nếu như Hội quán Phước Kiến nổi bật với các chi tiết trang trí bằng sành sứ, thì Hội quán Triều Châu sở hữu những chi tiết chạm gỗ tinh tế và phức tạp trứ danh Triều Châu.","A route through the culture of the Chinese merchants who crossed the sea to Hội An, and through the architecture that tells their assembly halls apart. Where the Fujian hall stands out for its porcelain-shard ornament, the Teochew hall carries the fine, intricate wood carving its region is famous for.",,,,,,
tours.json,[0].voucher,,ok,Voucher quà tặng (chốt tên sau),Gift voucher (name TBD),,,,,,
tours.json,[1].title,,ok,Một tấc lòng son,A heart of crimson loyalty,,,,,,
tours.json,[1].short,,ok,"Đời và chí của trí thức phố Hội, từ Quan Thánh tới các chí sĩ Duy Tân.","The lives and convictions of Hội An's scholars, from Quan Công to the Duy Tân reformists.",,,,,,
tours.json,[1].description,,ok,"Dọc theo hành trình này, du khách sẽ khám phá cuộc đời, sự nghiệp và tư tưởng của các trí thức ở Hội An: từ tấm gương trung hiếu tiết nghĩa được đông đảo nho sĩ ở các vùng phía Nam Trung Hoa và khắp Việt Nam thờ phụng, cho đến quan lại thời nhà Nguyễn và thế hệ chí sĩ Duy Tân.","Along this route you meet the lives, careers and ideas of Hội An's scholars: from the model of loyalty and honour worshipped by Confucian scholars across southern China and all of Vietnam, to the mandarins of the Nguyễn court and the Duy Tân generation of reformists.",,,,,,
tours.json,[1].voucher,,ok,Voucher quà tặng (chốt tên sau),Gift voucher (name TBD),,,,,,
tours.json,[2].title,,ok,Lạc tại nhân hòa,Joy lies in harmony,,,,,,
tours.json,[2].short,,ok,"Những nơi cả làng cùng góp mặt: đình, chùa, hội quán và từ đường.","The places a whole village shares: communal house, bridge-pagoda, assembly hall and ancestral hall.",,,,,,
tours.json,[2].description,,ok,"Tuyến của những nơi cả làng cùng góp mặt: liễn đối trước Hương Hiền tự ở đình Cẩm Phô viết “lạc tại nhân hòa” — niềm vui thật nằm ở sự hòa hợp của lòng người. Từ đình làng đi dọc Nguyễn Thị Minh Khai tới Chùa Cầu, qua Bảo tàng Văn hóa Sa Huỳnh và hội quán Quảng Triệu, rồi tới Tụy Tiên Đường Minh Hương — nơi người Hoa đã thành người Việt.","The route of the places a whole village shares. The couplet at the Hương Hiền shrine in Cẩm Phô reads “joy lies in harmony” — the real joy is people in accord. From the communal house along Nguyễn Thị Minh Khai to the Japanese Bridge, past the Sa Huỳnh Culture Museum and the Cantonese hall, and on to the Minh Hương ancestral hall, where a Chinese community became Vietnamese.",,,,,,
tours.json,[2].voucher,,ok,Voucher quà tặng (chốt tên sau),Gift voucher (name TBD),,,,,,
tours.json,[3].title,,ok,Nghề xưa phố cổ,Old trades of the old town,,,,,,
tours.json,[3].short,,ok,"Nhà buôn, thổ sản và nghề vẫn còn làm tới hôm nay.","Merchant houses, local produce and a trade still practised today.",,,,,,
tours.json,[3].description,,ok,"Một ngày trong thời hoàng kim của thương cảng: nhà buôn, thổ sản và nghề của người phố Hội. Từ Chùa Cầu qua nhà cổ Tấn Ký, Bảo tàng Văn hóa dân gian và Bảo tàng Thổ sản, kết thúc ở điểm trình nghề chè Xí Mà còn nấu tới hôm nay.","A day in the port's golden age: the merchants, the local produce and the trades of Hội An. From the Japanese Bridge through Tấn Ký house, the Folk Culture Museum and the Local Produce Museum, ending where xí mà sweet soup is still cooked today.",,,,,,
tours.json,[3].voucher,,ok,Voucher quà tặng (chốt tên sau),Gift voucher (name TBD),,,,,,
tours.json,[4].title,,ok,Nhà cổ phố Hội,The old houses of Hội An,,,,,,
tours.json,[4].short,,ok,Bốn ngôi nhà cổ và lớp đất Sa Huỳnh nằm dưới chân phố.,"Four old houses, and the Sa Huỳnh earth beneath the streets.",,,,,,
tours.json,[4].description,,ok,"Thời hoàng kim của thương cảng, nhìn từ trong nhà: bốn ngôi nhà và từ đường của các gia đình buôn bán, cùng lớp đất Sa Huỳnh nằm dưới chân phố. Từ nhà cổ Phùng Hưng cạnh Chùa Cầu, dọc Trần Phú qua nhà cổ Quân Thắng và nhà thờ tộc Trần, tới chùa Quan Âm.","The port’s golden age seen from indoors: four merchant houses and family halls, plus the Sa Huỳnh layer of earth beneath the streets. From Phùng Hưng house beside the Japanese Bridge, along Trần Phú past Quân Thắng house and the Trần family temple, to Quan Âm Pagoda.",,,,,,
tours.json,[4].voucher,,ok,Voucher quà tặng (chốt tên sau),Gift voucher (name TBD),,,,,,
rewards.json,[0].title,,ok,Quà đầu tiên,First gift,,,,,,
rewards.json,[0].reward,,ok,Voucher 50.000đ của Vigift hoặc giảm 10% ở VAN•HOA,"A 50,000đ Vigift voucher or 10% off at VAN•HOA",,,,,,
rewards.json,[1].title,,ok,Voucher lớn hơn,Bigger voucher,,,,,,
rewards.json,[1].reward,,ok,Voucher 100.000đ của Vigift hoặc giảm 15% ở VAN•HOA,"A 100,000đ Vigift voucher or 15% off at VAN•HOA",,,,,,
rewards.json,[2].title,,ok,Món quà cầm tay,Something to hold,,,,,,
rewards.json,[2].reward,,ok,Set charm DIY hoạ tiết Trung thu hoặc quạt Tuần lễ Sáng tạo Hội An,A Mid-Autumn motif DIY charm set or the Hội An Creative Week fan,,,,,,
rewards.json,[3].title,,ok,Chiếc khăn Tuần lễ,The festival scarf,,,,,,
rewards.json,[3].reward,,ok,Khăn Tuần lễ Sáng tạo Hội An,The Hội An Creative Week scarf,,,,,,
rewards.json,[4].title,,ok,Quà lớn nhất,The big one,,,,,,
rewards.json,[4].reward,,ok,Set quà Vigift Đà Nẵng,A Vigift Đà Nẵng gift set,,,,,,
categories.json,[0].label,,ok,Di tích,Heritage,,,,,,
categories.json,[1].label,,ok,Hội quán,Assembly halls,,,,,,
categories.json,[2].label,,ok,Nhà cổ,Old houses,,,,,,
categories.json,[3].label,,ok,Bảo tàng,Museums,,,,,,
categories.json,[4].label,,ok,Trải nghiệm & trình diễn,Experiences & performances,,,,,,
ticket-points.json,[0].where,,en=vi,"Bên trái Quảng trường sông Hoài, trên dọc đường Công Nữ Ngọc Hoa","Bên trái Quảng trường sông Hoài, trên dọc đường Công Nữ Ngọc Hoa",,,,,,
ticket-points.json,[1].where,,en=vi,"Đầu đường Nguyễn Thị Minh Khai, gần chỗ con thuyền Nhật Bản, ngay chỗ bắt xe taxi - xe điện","Đầu đường Nguyễn Thị Minh Khai, gần chỗ con thuyền Nhật Bản, ngay chỗ bắt xe taxi - xe điện",,,,,,
ticket-points.json,[2].where,,en=vi,Đầu đường Nguyễn Phúc Chu,Đầu đường Nguyễn Phúc Chu,,,,,,
ticket-points.json,[3].where,,en=vi,Công viên Phan Châu Trinh,Công viên Phan Châu Trinh,,,,,,
ticket-points.json,[4].where,,en=vi,Cạnh chùa Cầu,Cạnh chùa Cầu,,,,,,
ticket-points.json,[5].where,,en=vi,"Đầu cầu An Hội, bên Nguyễn Phúc Chu","Đầu cầu An Hội, bên Nguyễn Phúc Chu",,,,,,
ticket-points.json,[6].where,,en=vi,"Trên đường Hai Bà Trưng, trước cổng chùa Bà Thiên Mụ","Trên đường Hai Bà Trưng, trước cổng chùa Bà Thiên Mụ",,,,,,
ticket-points.json,[7].where,,en=vi,"Trên đường Lê Lợi, cạnh Đình Hội An","Trên đường Lê Lợi, cạnh Đình Hội An",,,,,,
ticket-points.json,[8].where,,en=vi,"Trên đường Hoàng Văn Thụ, ra bờ sông","Trên đường Hoàng Văn Thụ, ra bờ sông",,,,,,
ticket-points.json,[9].where,,en=vi,Góc đường Phan Châu Trinh - Nguyễn Huệ,Góc đường Phan Châu Trinh - Nguyễn Huệ,,,,,,
ticket-points.json,[10].where,,en=vi,Đầu đường Hoàng Diệu giao Trần Phú,Đầu đường Hoàng Diệu giao Trần Phú,,,,,,
ticket-points.json,[11].where,,en=vi,Điểm bán vé tại bãi xe Hoiango,Điểm bán vé tại bãi xe Hoiango,,,,,,
ticket-points.json,[12].where,,en=vi,Điểm bán vé tại 10B Trần Hưng Đạo,Điểm bán vé tại 10B Trần Hưng Đạo,,,,,,
strings.js,explore,,ok,Khám phá,Explore,,,,,,
strings.js,tours,,ok,Hành trình,Tours,,,,,,
strings.js,passport,,ok,Sổ tay,Journal,,,,,,
strings.js,all,,ok,Tất cả,All,,,,,,
strings.js,no_sites,,ok,Chưa có điểm đến.,No sites yet.,,,,,,
strings.js,directions,,ok,Chỉ đường,Directions,,,,,,
strings.js,checkin,,ok,Check-in,Check in,,,,,,
strings.js,locating,,ok,Đang định vị...,Locating...,,,,,,
strings.js,retry,,ok,Thử lại,Retry,,,,,,
strings.js,back,,ok,Quay lại,Back,,,,,,
strings.js,far,,ok,Quá xa. Hãy đến gần hơn.,Too far. Move closer.,,,,,,
strings.js,geo_denied,,ok,Bật vị trí để check-in.,Allow location to check in.,,,,,,
strings.js,allow_location,,ok,Bật vị trí,Allow location,,,,,,
strings.js,geo_fail,,ok,Lỗi định vị. Thử lại ngoài trời.,Location error. Try outdoors.,,,,,,
strings.js,continue_btn,,ok,Tiếp tục,Continue,,,,,,
strings.js,correct_title,,ok,Chính xác,Correct,,,,,,
strings.js,wrong_title,,ok,Chưa đúng,Incorrect,,,,,,
strings.js,nav_start,,ok,Lên đường,Set off,,,,,,
strings.js,nav_here,,ok,Check-in tại đây,Check in here,,,,,,
strings.js,continue_tour,,ok,Tiếp tục tuyến,Continue tour,,,,,,
strings.js,nav_locate_prompt,,ok,Cần vị trí để dẫn đường,Location required for routing,,,,,,
strings.js,nav_enable,,ok,Bật định vị,Enable location,,,,,,
strings.js,nav_done,,ok,Đã hoàn thành tuyến,Route complete,,,,,,
strings.js,nav_exit,,ok,Thoát,Exit,,,,,,
strings.js,nav_seepassport,,ok,Xem sổ tay,View journal,,,,,,
strings.js,checkin_done,,ok,Đã check-in và lưu tem.,Checked in and stamped.,,,,,,
strings.js,route,,ok,Lộ trình,Route,,,,,,
strings.js,tour_extra,,ok,Còn thời gian thì ghé thêm,One more if you have time,,,,,,
strings.js,plan,,ok,Gợi ý,Plan,,,,,,
strings.js,plan_title,,ok,Chọn điểm,Choose stops,,,,,,
strings.js,plan_cta,,ok,Gợi ý 5 điểm,Plan 5 sites,,,,,,
strings.js,plan_scan,,ok,Quét vé để lưu,Scan ticket to save,,,,,,
strings.js,scan_btn,,ok,Quét vé,Scan ticket,,,,,,
strings.js,scan_saved,,ok,Đã lưu vé.,Ticket saved. You qualify for the bigger rewards.,,,,,,
strings.js,scan_why,,ok,Bạn cần vé để nhận quà lớn hơn.,Bigger rewards need a ticket.,,,,,,
strings.js,scan_saved_short,,ok,Đã lưu vé,Ticket saved,,,,,,
strings.js,see_detail,,ok,Xem chi tiết,See details,,,,,,
strings.js,buy_ticket,,ok,Mua vé ở đâu?,Where to buy?,,,,,,
strings.js,close_btn,,ok,Đóng,Close,,,,,,
strings.js,scan_point,,ok,Quét mã QR trên vé,Scan ticket QR,,,,,,
strings.js,scan_unsupported,,ok,Lỗi camera. Bật camera hoặc chọn điểm bên dưới.,Camera error. Allow access or skip.,,,,,,
strings.js,scan_bad_ticket,,ok,Mã không hợp lệ. Vui lòng quét vé Hội An.,Invalid QR. Scan a Hội An ticket.,,,,,,
strings.js,welcome_start,,ok,Tiếp tục,Continue,,,,,,
strings.js,scan_title,,ok,Quét mã vé,Scan ticket,,,,,,
strings.js,scan_skip,,ok,"Bỏ qua, chọn điểm ngay","Skip, choose sites",,,,,,
strings.js,terms_pre,,ok,Bạn đồng ý với ,You agree to the ,,,,,,
strings.js,terms_link,,ok,điều khoản sử dụng,terms and conditions,,,,,,
strings.js,terms_post,,en=vi,.,.,,,,,,
strings.js,terms_title,,ok,Điều khoản,Terms,,,,,,
strings.js,perm_lead,,ok,Cho phép vị trí và chuyển động để tìm điểm đến phù hợp và dẫn đường.,Allow location and motion so we can suggest the right sites and guide you there.,,,,,,
strings.js,study_agree,,ok,Tham gia nghiên cứu,Take part in the study,,,,,,
strings.js,feat_map,,ok,Khám phá 25 điểm di sản & tạo hành trình phù hợp,Explore 25 heritage sites & build a plan that fits,,,,,,
strings.js,feat_ticket,,ok,Check-in và nhận mắt cửa tại mỗi điểm,Check in and earn a mắt cửa at each site,,,,,,
strings.js,feat_plan,,ok,Đổi mắt cửa và nhận quà,Trade mắt cửa for gifts,,,,,,
strings.js,perm_title,,ok,Vị trí và chuyển động,Location and motion,,,,,,
strings.js,your_ticket,,ok,Vé của bạn,Your ticket,,,,,,
strings.js,route_label,,ok,Tuyến của bạn,Your route,,,,,,
strings.js,route_resume,,ok,Tiếp tục hành trình,Continue route,,,,,,
strings.js,route_more,,ok,Xem thêm hành trình,More routes,,,,,,
strings.js,route_empty,,ok,Chưa có tuyến. Chọn 5 điểm.,No route. Choose 5 sites.,,,,,,
strings.js,all_sites,,ok,Tất cả điểm đến,All sites,,,,,,
strings.js,r_higher,,ok,Đã đủ điểm,Eligible,,,,,,
strings.js,view_mode,,ok,Chế độ xem,View,,,,,,
strings.js,view_list,,ok,Danh sách,List,,,,,,
strings.js,view_map,,ok,Bản đồ,Map,,,,,,
strings.js,step_monument,,ok,Di tích,Monument,,,,,,
strings.js,step_museum,,ok,Bảo tàng,Museum,,,,,,
strings.js,step_free,,ok,3 điểm tự do,3 free,,,,,,
strings.js,rec_head,,ok,Gợi ý tuyến,Suggested,,,,,,
strings.js,rec_badge,,ok,Đề xuất,Recommended,,,,,,
strings.js,use_set,,ok,Chọn tuyến này,Use this route,,,,,,
strings.js,pick_own,,ok,Tự chọn 5 điểm,Pick my own,,,,,,
strings.js,reset_picks,,ok,Xóa hết,Clear all,,,,,,
strings.js,auto_pick,,ok,Chọn giúp tôi,Pick for me,,,,,,
strings.js,pick_hint,,ok,Chạm để bắt đầu,Tap to start,,,,,,
strings.js,scroll_more,,ok,Thêm bộ lọc,Filters,,,,,,
strings.js,see_more,,ok,Xem thêm,Show more,,,,,,
strings.js,list_less,,ok,Thu gọn,Show less,,,,,,
strings.js,pick_do,,ok,Chọn,Select,,,,,,
strings.js,pick_remove,,ok,Bỏ chọn,Remove,,,,,,
strings.js,done_title,,ok,Hành trình của bạn,Your route,,,,,,
strings.js,go_checkin,,ok,Lên đường,Set off,,,,,,
strings.js,edit_plan,,ok,Chọn lại,Edit,,,,,,
strings.js,lang_switch,,ok,Ngôn ngữ (Language),Language,,,,,,
strings.js,set_complete,,ok,Đã hoàn thành bộ tem.,Set complete.,,,,,,
strings.js,tour_to_passport,,ok,Đã cộng điểm. Đổi quà trong Sổ tay.,Points added. Claim gift in Journal.,,,,,,
strings.js,redeem_intro,,ok,Đưa màn hình này cho nhân viên để nhận quà.,Show this to staff to collect your gift.,,,,,,
strings.js,redeem_title,,ok,Đổi quà,Claim gift,,,,,,
strings.js,redeem_none,,ok,Chưa có quà.,No gifts.,,,,,,
strings.js,needs_ticket_tag,,ok,Cần vé,Ticket required,,,,,,
strings.js,gift_ticket_hint,,ok,Quét mã QR vé để nhận.,Scan ticket QR to claim.,,,,,,
strings.js,tk_check,,ok,Đối chiếu vé,Verify ticket,,,,,,
strings.js,tk_none,,ok,Chưa quét vé,No ticket scanned,,,,,,
strings.js,staff_confirm,,ok,Nhân viên xác nhận,Staff confirmation,,,,,,
strings.js,enter_code,,ok,Nhập mã nhân viên,Enter code,,,,,,
strings.js,wrong_code,,ok,Sai mã.,Invalid code.,,,,,,
strings.js,staff_only,,ok,Dành cho ban tổ chức. Nhập mã để xem.,Organizer area. Enter code.,,,,,,
strings.js,redeem_closed,,ok,Đổi quà tại quầy vé từ 28/8 đến 02/9.,Redeem gifts at any counter from Aug 28 to Sep 2.,,,,,,
strings.js,install,,ok,Cài ứng dụng,Install app,,,,,,
strings.js,install_next,,ok,Đã hiểu,Got it,,,,,,
strings.js,install_now,,ok,Cài đặt ngay,Install now,,,,,,
strings.js,locate_me,,ok,Vị trí của tôi,My location,,,,,,
strings.js,reset_north,,ok,Hướng Bắc,Face north,,,,,,
strings.js,research_optin,,ok,"Góp dữ liệu ẩn danh cho nghiên cứu: điểm ghé, thứ tự trong lượt thăm, vị trí thô. Không tên, không số máy, không nối giữa các lần dùng. Tắt được tại đây.","Contribute anonymous study data: sites visited, order within this visit, coarse location. No name, no device id, no link between visits. Turn off here.",,,,,,
strings.js,study_note,,ok,Dữ liệu giúp ban tổ chức xem mật độ tại các điểm đến.,Data shows crowd density at sites.,,,,,,
strings.js,prev_site,,ok,Điểm trước,Previous,,,,,,
strings.js,next_site,,ok,Điểm sau,Next,,,,,,
strings.js,booth_find,,ok,Quầy vé gần nhất,Nearest ticket counter,,,,,,
strings.js,org_heat,,ok,Bản đồ nhiệt,Heatmap,,,,,,
strings.js,org_heat_hint,,ok,Dữ liệu mật độ ẩn danh theo ô ~150m. Không lưu lộ trình.,Anonymous density per ~150m cell. No paths saved.,,,,,,
strings.js,org_heat_filter,,ok,Lọc theo quốc tịch:,Filter by nationality:,,,,,,
strings.js,org_lang,,ok,Ngôn ngữ/Quốc tịch,Language/Nationality,,,,,,
strings.js,org_lang_hint,,ok,Quốc tịch dự đoán qua ngôn ngữ thiết bị và ngôn ngữ đã chọn.,Proxy via device locale and selection.,,,,,,
strings.js,org_lang_device,,ok,Ngôn ngữ thiết bị,Device locale,,,,,,
strings.js,org_lang_pick,,ok,Ngôn ngữ đã chọn,Chosen language,,,,,,
strings.js,org_nat,,ok,Hành vi theo quốc tịch,Behavior by nationality,,,,,,
strings.js,org_nat_hint,,ok,Lượt tương tác ẩn danh theo nhóm ngôn ngữ.,Anonymous engagement by language group.,,,,,,
strings.js,org_nat_metric,,ok,Chỉ số,Metric,,,,,,
strings.js,org_journeys,,ok,Hành trình,Journeys,,,,,,
strings.js,org_journeys_hint,,ok,Thứ tự tham quan theo lượt (khách chưa tắt nghiên cứu).,Visit order per session (study not switched off).,,,,,,
strings.js,org_journeys_export,,ok,Tải dữ liệu (CSV),Export journeys (CSV),,,,,,
strings.js,org_events,,ok,Sự kiện khác,Events,,,,,,
strings.js,org_flagged,,ok,Sổ tay bất thường,Flagged journals,,,,,,
strings.js,org_flagged_none,,ok,Không có sổ tay bất thường.,No flagged journals.,,,,,,
strings.js,org_flagged_hint,,ok,Thời gian di chuyển bất thường.,Unusual transit times.,,,,,,
strings.js,flag_warn,,ok,Sổ tay có dấu hiệu bất thường. Xác nhận lại trước khi phát voucher.,Unusual check-in timing. Verify before redeeming.,,,,,,
strings.js,points,,ok,điểm,points,,,,,,
strings.js,perfect_bonus,,ok,Đúng lần đầu,Correct first try,,,,,,
strings.js,spotlight,,ok,Đề xuất,Suggested,,,,,,
strings.js,rewards_title,,ok,Điểm & Quà,Points & Rewards,,,,,,
strings.js,pp_more,,ok,Cài đặt,Settings,,,,,,
strings.js,reward_taken,,ok,Đã nhận,Claimed,,,,,,
strings.js,one_gift_note,,ok,Mỗi sổ tay nhận 1 phần quà.,One gift per journal.,,,,,,
strings.js,score_how,,ok,Cách tính điểm,Scoring,,,,,,
strings.js,pt_stamp,,ok,khi check-in,per check-in,,,,,,
strings.js,pt_perfect,,ok,trả lời đúng ngay lần đầu,correct on first try,,,,,,
strings.js,pt_spotlight,,ok,ghé điểm vắng khách,visiting quiet sites,,,,,,
strings.js,pt_tour,,ok,hoàn thành tuyến,completing a route,,,,,,
strings.js,backup_title,,ok,Sao lưu,Backup,,,,,,
strings.js,backup_hint,,ok,Lưu mã bên dưới để khôi phục tem khi đổi thiết bị.,Save this code to restore your stamps on another device.,,,,,,
strings.js,copy,,ok,Sao chép,Copy,,,,,,
strings.js,copied,,ok,Đã sao chép,Copied,,,,,,
strings.js,copy_link,,ok,Sao chép link,Copy link,,,,,,
strings.js,restore,,ok,Khôi phục,Restore,,,,,,
strings.js,restore_or_code,,ok,Nhập mã 8 ký tự:,Enter 8-character code:,,,,,,
strings.js,ticket_taken,,ok,Vé đã quét ở thiết bị khác. Quét lại để lấy dữ liệu.,Ticket scanned elsewhere. Scan again to reclaim.,,,,,,
strings.js,restore_ok,,ok,Đã khôi phục.,Journal restored.,,,,,,
strings.js,restore_bad,,ok,Mã phải có 8 ký tự.,Code must be 8 characters.,,,,,,
strings.js,restore_offline,,ok,Lỗi mạng. Thử lại sau.,Network error. Try later.,,,,,,
strings.js,offline_ok,,ok,Vẫn có thể check-in offline. Ứng dụng sẽ đồng bộ khi có mạng.,Offline check-ins supported. Syncs when online.,,,,,,
strings.js,ticket_points,,ok,Điểm bán vé,Ticket counters,,,,,,
strings.js,popup_detail,,ok,Xem & check-in,Open & check in,,,,,,
strings.js,dont_miss,,ok,Đừng bỏ lỡ,Don't miss,,,,,,
strings.js,open_now,,ok,Đang mở,Open,,,,,,
strings.js,closed_now,,ok,Đã đóng,Closed,,,,,,
strings.js,org_title,,ok,Quản lý,Dashboard,,,,,,
strings.js,org_sub,,ok,Dữ liệu check-in,Check-in data,,,,,,
strings.js,org_evenness,,ok,Độ phân bổ,Distribution,,,,,,
strings.js,org_total,,ok,Lượt check-in,Check-ins,,,,,,
strings.js,org_covered,,ok,Điểm có khách,Sites visited,,,,,,
strings.js,org_spotlight_now,,ok,Đang đề xuất,Currently suggested,,,,,,
strings.js,org_refresh,,ok,Tải lại,Refresh,,,,,,
strings.js,org_export,,ok,Tải CSV,Export CSV,,,,,,
strings.js,org_no_data,,ok,Chưa có dữ liệu.,No data.,,,,,,
strings.js,org_survey,,ok,Tọa độ cần khảo sát,Coordinates to survey,,,,,,
strings.js,org_quiz_todo,,ok,Điểm chưa có câu hỏi,Sites with no questions,,,,,,
strings.js,org_nearest_ticket,,ok,Quầy vé gần nhất,Nearest counter,,,,,,
strings.js,org_traffic,,ok,Lượng khách,Traffic,,,,,,
strings.js,org_priority,,ok,Ưu tiên,Priority,,,,,,
strings.js,lvl_low,,ok,thấp,low,,,,,,
strings.js,lvl_medium,,ok,vừa,med,,,,,,
strings.js,lvl_high,,ok,cao,high,,,,,,
strings.js,org_tier_volunteer,,ok,Tình nguyện viên (xem),Volunteer (read),,,,,,
strings.js,org_tier_admin,,ok,Ban tổ chức (sửa),Organizer (edit),,,,,,
strings.js,org_edit,,ok,Sửa nội dung,Edit content,,,,,,
strings.js,org_edit_hint,,ok,"Sửa, tải JSON và gửi kỹ thuật. Dữ liệu không lưu trên máy chủ.","Edit, download JSON, and send to dev. Edits are not saved to the server.",,,,,,
strings.js,org_need_admin,,ok,Cần mã ban tổ chức để sửa.,Organizer code required to edit.,,,,,,
strings.js,org_tab_dest,,ok,Điểm đến,Destinations,,,,,,
strings.js,org_tab_tours,,ok,Tuyến,Tours,,,,,,
strings.js,org_tab_rewards,,ok,Phần thưởng,Rewards,,,,,,
strings.js,org_tours_hint,,ok,Thứ tự theo điểm đến. Một điểm thuộc một tuyến. Điểm ngoài tuyến vẫn nhận tem.,Ordered by destination. Sites outside tours still earn points.,,,,,,
strings.js,org_add_tour,,ok,Thêm tuyến,Add tour,,,,,,
strings.js,org_del_tour,,ok,Xóa tuyến,Delete tour,,,,,,
strings.js,org_add_stop,,ok,Thêm điểm dừng,Add stop,,,,,,
strings.js,org_add_tier,,ok,Thêm mốc,Add tier,,,,,,
strings.js,org_del_tier,,ok,Xóa mốc,Delete tier,,,,,,
strings.js,org_load_json,,ok,Mở file,Open file,,,,,,
strings.js,org_reset,,ok,Về bản gốc,Reset,,,,,,
strings.js,org_reset_confirm,,ok,Bỏ các thay đổi?,Discard changes?,,,,,,
strings.js,org_data_ok,,ok,Dữ liệu hợp lệ,Data valid,,,,,,
strings.js,org_add_q,,ok,Thêm câu hỏi,Add question,,,,,,
strings.js,org_del_q,,ok,Xóa câu,Delete,,,,,,
strings.js,org_add_opt,,ok,Thêm đáp án,Add option,,,,,,
strings.js,org_del_opt,,ok,Xóa,Remove,,,,,,
strings.js,org_answer,,ok,Đáp án đúng,Correct answer,,,,,,
strings.js,org_needs_survey,,ok,Cần khảo sát,Needs survey,,,,,,
strings.js,f_code,,ok,Mã,Code,,,,,,
strings.js,f_name,,ok,Tên,Name,,,,,,
strings.js,f_address,,ok,Địa chỉ,Address,,,,,,
strings.js,f_hours,,ok,Giờ mở cửa,Hours,,,,,,
strings.js,f_short,,ok,Giới thiệu ngắn,Short intro,,,,,,
strings.js,f_desc,,ok,Giới thiệu,Description,,,,,,
strings.js,f_category,,ok,Nhóm,Category,,,,,,
strings.js,f_radius,,ok,Bán kính (m),Radius (m),,,,,,
strings.js,f_question,,ok,Câu hỏi,Question,,,,,,
strings.js,f_title,,ok,Tiêu đề,Title,,,,,,
strings.js,f_voucher,,ok,Quà tặng,Voucher,,,,,,
strings.js,f_stops,,ok,Điểm dừng,Stops,,,,,,
strings.js,f_points,,ok,Điểm,Points,,,,,,
strings.js,f_icon,,ok,Biểu tượng,Icon,,,,,,
strings.js,f_reward,,ok,Phần thưởng,Reward,,,,,,
strings.js,org_details,,ok,Chi tiết,Details,,,,,,
strings.js,lvl_easy,,ok,dễ,easy,,,,,,
strings.js,lvl_hard,,ok,khó,hard,,,,,,
strings.js,nav_arrived_at(),,ok,Đã đến {name},Arrived at {name},,,,,,
strings.js,nav_to(),,ok,{dist} tới {name},{dist} to {name},,,,,,
strings.js,question_of(),,ok,Câu {i}/{n},Question {i}/{n},,,,,,
strings.js,stops(),,ok,{n} điểm dừng,{n} stops,,,,,,
strings.js,walk_time(),,ok,{m} phút đi bộ,{m} min walk,,,,,,
strings.js,route_walk(),,ok,{d} · {m} phút đi bộ,{d} · {m} min walk,,,,,,
strings.js,list_more(),,ok,Xem thêm {n} điểm,Show {n} more,,,,,,
strings.js,tk_sites(),,ok,Vé {n} điểm,{n}-site ticket,,,,,,
strings.js,wrong_wait(),,ok,Sai. Thử lại sau {n}s.,Incorrect. Retry in {n}s.,,,,,,
strings.js,booth_nearest(),,ok,Quầy {name} · cách {d},Counter {name} · {d},,,,,,
strings.js,org_journeys_count(),,ok,{n} hành trình,{n} journeys,,,,,,
strings.js,earned(),,ok,+{n} điểm,+{n} points,,,,,,
strings.js,spotlight_hint(),,ok,Check-in tại đây nhận +{n} điểm.,Suggested. Earn +{n} points.,,,,,,
strings.js,pts_more(),,ok,Cần thêm {n} điểm,{n} pts needed,,,,,,
strings.js,reward_at(),,ok,Mốc {n} điểm,{n}-point tier,,,,,,
strings.js,pt_all(),,ok,check-in đủ {n} điểm,checking in at {n} sites,,,,,,
strings.js,walk(),,ok,{d} · {m} phút đi bộ,{d} · {m} min walk,,,,,,
strings.js,closing_soon(),,ok,Đóng trong {m} phút,Closing in {m} min,,,,,,
strings.js,opens_at(),,ok,Mở lúc {t},Opens {t},,,,,,
strings.js,org_quota(),,ok,Ghi hôm nay: {n} dòng — {pct}% hạn mức miễn phí/ngày,Writes today: {n} rows — {pct}% of the free daily cap,,,,,,
strings.js,org_updated(),,ok,Cập nhật: {t},Updated: {t},,,,,,
strings.js,org_rewards_hint(),,ok,"Mốc điểm tăng dần, tối đa {n}.","Ascending tiers, max {n}.",,,,,,
strings.js,org_download_json(),,ok,Tải {f},Download {f},,,,,,
strings.js,org_problems(),,ok,{n} lỗi - cần sửa trước khi tải,{n} errors - fix before downloading,,,,,,
strings.js,org_bad_file(),,ok,Lỗi file: {m},File error: {m},,,,,,
languages.js,vi.hello,1,ok,Xin chào,Xin chào,,,,,,
languages.js,vi.open,1,ok,Chạm để mở cửa,Chạm để mở cửa,,,,,,
languages.js,en.hello,1,ok,Hello,Hello,,,,,,
languages.js,en.open,1,ok,Tap to open the door,Tap to open the door,,,,,,
languages.js,ko.hello,1,ok,안녕하세요,안녕하세요,,,,,,
languages.js,ko.open,1,ok,문을 열려면 탭하세요,문을 열려면 탭하세요,,,,,,
languages.js,zh.hello,1,ok,你好,你好,,,,,,
languages.js,zh.open,1,ok,点击开门,点击开门,,,,,,
languages.js,ja.hello,1,ok,こんにちは,こんにちは,,,,,,
languages.js,ja.open,1,ok,タップして扉を開く,タップして扉を開く,,,,,,
languages.js,th.hello,1,ok,สวัสดี,สวัสดี,,,,,,
languages.js,th.open,1,ok,แตะเพื่อเปิดประตู,แตะเพื่อเปิดประตู,,,,,,
languages.js,fr.hello,1,ok,Bonjour,Bonjour,,,,,,
languages.js,fr.open,1,ok,Touchez pour ouvrir la porte,Touchez pour ouvrir la porte,,,,,,
languages.js,de.hello,1,ok,Hallo,Hallo,,,,,,
languages.js,de.open,1,ok,"Tippen, um die Tür zu öffnen","Tippen, um die Tür zu öffnen",,,,,,
